date,Optimized portfolio,Benchmark (SPY)
2021-02-01,0.009590078872551935,0.016645769055306348
2021-02-02,0.0014905233101440035,0.014140221480462678
2021-02-03,-9.151475453486241e-05,0.0007861859828686146
2021-02-04,-0.0030970570356054403,0.011365733307242998
2021-02-05,0.004637471389459523,0.003935954941474584
2021-02-08,0.005821678808560413,0.007221970262719424
2021-02-09,0.0019226355278640897,-0.0006659755765179298
2021-02-10,0.0015873213060043556,-0.0004355765474474138
2021-02-11,-0.001539808830155872,0.0016150828560155261
2021-02-12,-1.1241129828471917e-05,0.0049398033120806595
2021-02-16,-0.005711099367956435,-0.0008660998567698863
2021-02-17,-0.0028071287293521406,0.00022946635665710424
2021-02-18,-0.0026856794438942944,-0.004255954158250863
2021-02-19,0.0004837953863476097,-0.0017661171207533632
2021-02-22,-0.0012717077688339852,-0.007691517601789433
2021-02-23,0.00011763351893750583,0.0012145106901095826
2021-02-24,0.002632192957817847,0.01101918518673295
2021-02-25,-0.017885044453969906,-0.02409579150327701
2021-02-26,-0.00780155261179805,-0.005152520355033108
2021-03-01,0.009218905569988198,0.024240024162624385
2021-03-02,-0.001366635592252441,-0.0078031544047868495
2021-03-03,-0.008652015774871428,-0.013245849269272414
2021-03-04,-0.009690612360180009,-0.012374737257588864
2021-03-05,0.006632813882928608,0.018396486789100663
2021-03-08,-0.008084104807248613,-0.004978369456517195
2021-03-09,0.013820714667622549,0.014277376698147881
2021-03-10,0.0035993221316918214,0.006224419395266523
2021-03-11,0.005709672708871304,0.010139252233292373
2021-03-12,-0.0028335142272515627,0.0013469480003969192
2021-03-15,0.003717029720218961,0.005963376812232468
2021-03-16,0.0001444390204796442,-0.0012612173943736815
2021-03-17,0.0033613907046725856,0.003409888866495292
2021-03-18,-0.00907059872181943,-0.014549919393705868
2021-03-19,0.002016086945095731,-0.0018500848348940169
2021-03-22,0.002218028876810681,0.007984988089988265
2021-03-23,-0.005592475862251079,-0.007870916996259747
2021-03-24,-0.002107682952188536,-0.005083378971371233
2021-03-25,0.0008166686873405896,0.005625266874982104
2021-03-26,0.0075765026318760816,0.016115470132118004
2021-03-29,-0.00484777878491152,-0.0005053887092812959
2021-03-30,-0.00546018157983527,-0.0026529534819002
2021-03-31,0.006311608121433531,0.004053586366755235
2021-04-01,0.00911003426108755,0.01079893548559352
2021-04-05,0.00397773319301636,0.014353016614669034
2021-04-06,0.0037421194513885363,-0.0005905857860993846
2021-04-07,-0.002250785655156054,0.0011571084086752226
2021-04-08,0.006198389650499201,0.00474692645578112
2021-04-09,-0.0011208812184752546,0.00727026348678006
2021-04-12,-0.0023528016819090634,0.00036453555132953674
2021-04-13,0.004290325969422625,0.002963686174348945
2021-04-14,-0.0021244798635889272,-0.0034150557366779966
2021-04-15,0.010126556980705248,0.010742221339571145
2021-04-16,0.0022875233666112323,0.0033425270532148055
2021-04-19,-0.002954982582052198,-0.004913119409793998
2021-04-20,-0.0016019708155381657,-0.007321410400011441
2021-04-21,0.006849754052944575,0.009462206689215158
2021-04-22,-0.0049978055027641,-0.009133215647865622
2021-04-23,0.0033893029452030992,0.010842429972707679
2021-04-26,0.0014035178356107915,0.002087577913802985
2021-04-27,-0.0015854434577936853,-0.00021540806357656095
2021-04-28,0.0018275649043420251,-0.0002875580126572297
2021-04-29,0.00029821293001490836,0.00637282871332312
2021-04-30,-0.0043434292923704345,-0.006570564085103148
2021-05-03,0.005119893287911629,0.002156684212890836
2021-05-04,-0.0038500424123372626,-0.006169112745046945
2021-05-05,0.002495370445284786,0.0003125977085758347
2021-05-06,0.008310978667624848,0.007985671303521347
2021-05-07,0.005958131597444462,0.00727804853988312
2021-05-10,-0.0025326873334499235,-0.009902385085851617
2021-05-11,-0.003878314272194751,-0.008924853034562696
2021-05-12,-0.011415835174129155,-0.0212452017733048
2021-05-13,0.005714797052065679,0.01201267916837101
2021-05-14,0.009540962729117355,0.015355324391126413
2021-05-17,0.0034158840118391556,-0.002544789498800326
2021-05-18,-0.0022071619781981575,-0.008615438242966511
2021-05-19,-0.0019413853451932272,-0.00262180439885773
2021-05-20,0.006817214861273426,0.010757889043256252
2021-05-21,-0.00011186487494853101,-0.0008184967242309549
2021-05-24,0.004652892081343098,0.010194048928333643
2021-05-25,0.0021249858570838143,-0.0022187261280099957
2021-05-26,0.0005038160757788637,0.0019845326038472333
2021-05-27,0.0006556909753708945,0.0005251480648740259
2021-05-28,0.0018263108163186549,0.001788614354016893
2021-06-01,-0.0005240265083667909,-0.0008808181168983298
2021-06-02,0.0025685859667152096,0.0015725700774329443
2021-06-03,-0.008374849110340176,-0.003711468166134102
2021-06-04,0.007872059202914717,0.00914606667230955
2021-06-07,0.0007280498190531892,-0.0009702072670865203
2021-06-08,-0.0004447986116924764,0.0002131449854190226
2021-06-09,-0.0008670464775409569,-0.0014917884627065892
2021-06-10,0.0035812822104235534,0.004648237155758794
2021-06-11,-0.003142089955743798,0.001652364293612596
2021-06-14,-0.001392065143940667,0.0022390207923985717
2021-06-15,-0.00147408466990333,-0.0018340667155086754
2021-06-16,-0.008391648052365853,-0.005583388168045378
2021-06-17,-0.009465052001566877,-0.0003314595392052144
2021-06-18,-0.006187758483624919,-0.013490612706671623
2021-06-21,0.00857165497609538,0.01431590766031654
2021-06-22,0.001220803211149825,0.005346239094754512
2021-06-23,-0.0009025548810026712,-0.0012052625433940367
2021-06-24,0.00185830223065836,0.005915607676370671
2021-06-25,0.0017792915127562876,0.003552087027092421
2021-06-28,0.0007058264534813598,0.0020160197619811804
2021-06-29,-0.00310113246205147,0.0005382044501662797
2021-06-30,0.0017827716832695783,0.0008414560006380079
2021-07-01,0.0034925736882003198,0.005536640313613894
2021-07-02,0.004912239868719958,0.007643559058785776
2021-07-06,0.001133503721460569,-0.0018214114668664294
2021-07-07,0.0023725067148906423,0.003533924968928348
2021-07-08,-0.003727922825445788,-0.008147973222189298
2021-07-09,0.00479767534159468,0.010674948725399869
2021-07-12,0.0004937965321095918,0.0035817356923710797
2021-07-13,-0.0016028806779481827,-0.0034087845673034245
2021-07-14,0.004122760060442096,0.0014921625072097378
2021-07-15,-0.0007574242219935091,-0.003415573513615544
2021-07-16,-0.006692556858975598,-0.007843618143968056
2021-07-19,-0.00478178265131442,-0.014767744703664154
2021-07-20,0.0052323059711972975,0.014330327180818392
2021-07-21,0.0022189043597159834,0.008096118317614032
2021-07-22,0.0018042480530589316,0.0020942216275166015
2021-07-23,0.002538988911347963,0.010287942784494852
2021-07-26,-0.00026072665507786963,0.0024548020258705616
2021-07-27,-0.000495149022965492,-0.004557379781959026
2021-07-28,0.0023809051776614533,-0.0004101851339639584
2021-07-29,0.005111921293928302,0.004147445957161544
2021-07-30,-0.003704058935014332,-0.004856418906614368
2021-08-02,-0.0005776203702127619,-0.0020979470918928156
2021-08-03,0.0023851918702824985,0.008135506508798018
2021-08-04,-0.0016454762378942055,-0.00491908067923108
2021-08-05,0.000690573156008623,0.006332919806979698
2021-08-06,-0.00818255477935842,0.0016524846377181657
2021-08-09,-0.006428912410498323,-0.0008134783447437677
2021-08-10,0.0007455349350111507,0.0012436610020400973
2021-08-11,0.005671877209864329,0.0024850445607953464
2021-08-12,0.0007867432916655807,0.0029970867234907494
2021-08-13,0.0058809161199395825,0.0018195513102878813
2021-08-16,0.0017748354399604854,0.0023548091363507773
2021-08-17,-0.0036880297529656393,-0.006555313929697992
2021-08-18,-0.003590212823887506,-0.01094508922732973
2021-08-19,-0.0017409178086006541,0.0015485135202062406
2021-08-20,0.003320549073895918,0.007957082887551925
2021-08-23,0.008320754823852953,0.008796514024508761
2021-08-24,0.0006204350775086754,0.0015874103380630888
2021-08-25,-0.0018874469569573834,0.002098323893152676
2021-08-26,-0.0026566975580764613,-0.005903272306060803
2021-08-27,0.009342112343022003,0.00894107582551218
2021-08-30,1.4807083032163755e-05,0.004397523814984927
2021-08-31,-0.0007076545811251507,-0.0014815171981531483
2021-09-01,0.0009156191583365571,0.0005314733346242217
2021-09-02,0.001608860206800746,0.0030767205142034904
2021-09-03,0.0028287796351098246,-0.0002428786853913012
2021-09-07,-0.00890538249878028,-0.0035756649560563236
2021-09-08,-0.0012606622784132504,-0.0012180330115960647
2021-09-09,0.0012159181258270988,-0.0042802226292938395
2021-09-10,-0.005170710604166063,-0.007884685632305155
2021-09-13,0.002483387901662848,0.002559224010457495
2021-09-14,0.00020861717225937205,-0.00539652662217649
2021-09-15,0.001811537543368748,0.008352850723099214
2021-09-16,-0.008663017032395016,-0.0015855042310571887
2021-09-17,-0.004945475267763157,-0.009740914639503329
2021-09-20,-0.004329632321329505,-0.016674119290243983
2021-09-21,0.0022631148273379873,-0.0009446225167111244
2021-09-22,0.003154051857631025,0.009754788505129675
2021-09-23,-3.432736124639891e-05,0.012149841242139914
2021-09-24,-0.0008686154755653718,0.001647436146002379
2021-09-27,0.00016343476511158298,-0.0028611159440785627
2021-09-28,-0.012091898894230669,-0.020151897149177866
2021-09-29,-0.0011577979210937736,0.001683221355625486
2021-09-30,0.0016465189855943483,-0.012222356078882557
2021-10-01,0.0060660387728749265,0.011884319841788393
2021-10-04,-0.002619328678068232,-0.01289617483761929
2021-10-05,0.0017018399528321074,0.010405043335221631
2021-10-06,0.0020982873542072502,0.004156056952238751
2021-10-07,0.0017483454001541634,0.008645619298351948
2021-10-08,-0.00038067357414357344,-0.0018236412322122364
2021-10-11,-0.0034766004518959055,-0.00723995108475517
2021-10-12,0.0020939742043471613,-0.0024613143388096947
2021-10-13,0.00818557664492401,0.00359742313217426
2021-10-14,0.007797119581181367,0.016820900641893344
2021-10-15,-0.002491126785704744,0.007615728574630332
2021-10-18,8.862251580209473e-05,0.0029603725569098405
2021-10-19,0.0031309113711648134,0.007715051687126273
2021-10-20,0.004410925467750705,0.003927698888119613
2021-10-21,-0.0004967095954422474,0.0026081508934037156
2021-10-22,0.002255979932521335,-0.0010360822839172723
2021-10-25,0.0041240286698346115,0.005362778131718038
2021-10-26,-0.0021551800568603637,0.0008998769384591654
2021-10-27,-0.00035900603105654236,-0.004430165795501595
2021-10-28,0.004126573259699408,0.009649100923845744
2021-10-29,-0.0030828155762657647,0.002028979148721799
2021-11-01,0.003072802874240111,0.0017202639084781257
2021-11-02,0.00038940210324633754,0.004042997764258427
2021-11-03,-0.0005531160403390847,0.006105290714649714
2021-11-04,0.00540866343040942,0.004712391675056882
2021-11-05,0.006668509887199291,0.0034698265367463232
2021-11-08,0.0012910276656256333,0.0008535495599701903
2021-11-09,0.001321523747961661,-0.003305164011727202
2021-11-10,-0.002138166088660521,-0.008044942729415139
2021-11-11,0.0011770923231579475,0.0003234976840591486
2021-11-12,0.00414865439511022,0.007546820198601312
2021-11-15,-0.0017137465251682582,0.00034242587058508356
2021-11-16,-0.0012888363124923252,0.003957701825867632
2021-11-17,0.001995616136447141,-0.002429082034818175
2021-11-18,0.000571993931849701,0.0033963291489165215
2021-11-19,-0.003211470269683193,-0.0017883159078513344
2021-11-22,-0.010031403693552208,-0.0028149638630388107
2021-11-23,-0.0027139317277825683,0.0013258688109347716
2021-11-24,0.0017128395655227838,0.002670056242919827
2021-11-26,-0.007887709553917524,-0.022303284793028455
2021-11-29,0.0036329970990634504,0.012266408740814638
2021-11-30,-0.009681885530075197,-0.019457403238819948
2021-12-01,-0.003469245527513676,-0.01110735672172003
2021-12-02,0.004672031912281095,0.01531658767140609
2021-12-03,0.00015776706505169283,-0.008701574292191205
2021-12-06,0.0036557931788931434,0.011843439254437316
2021-12-07,0.009150128100293344,0.020684724325471526
2021-12-08,-0.0005007947704641863,0.002648068223424005
2021-12-09,-0.004923911861076969,-0.0067518274339122275
2021-12-10,0.004063811280514794,0.009413617882260361
2021-12-13,-0.0025068825836740104,-0.0088582238733933
2021-12-14,-0.005956810414109414,-0.006880249484560785
2021-12-15,0.006637264864289449,0.015625321053890584
2021-12-16,0.0017198441247905155,-0.008818526977654395
2021-12-17,-0.004543400232441375,-0.010642961908137738
2021-12-20,-0.0063182800648070815,-0.010633323324099941
2021-12-21,0.007254288321777639,0.017758888562490194
2021-12-22,0.007403067353518056,0.009998891535947907
2021-12-23,0.003133147561360728,0.006221774592881202
2021-12-27,0.006062094571146504,0.014152260262557892
2021-12-28,-0.0018522719135106946,-0.0008174019234433727
2021-12-29,-0.0008858585309875047,0.0012796147513547407
2021-12-30,0.0022971333207839955,-0.0027647664153030993
2021-12-31,0.0016587855539997305,-0.0025201995460037985
2022-01-03,-0.004565050424602243,0.005790092633816135
2022-01-04,0.0010978790743412555,-0.00033499116517365923
2022-01-05,-0.008820446478180944,-0.019201921915401376
2022-01-06,-0.0035050475357784917,-0.000939747391896617
2022-01-07,9.104021876753655e-05,-0.0039534093656223845
2022-01-10,-9.337567114270411e-05,-0.0012443559299136764
2022-01-11,0.008720203029577768,0.009108232527185178
2022-01-12,0.0028904835137098647,0.0027034475718468176
2022-01-13,-0.005458245588030376,-0.013778477099015696
2022-01-14,-0.0021604223885608557,0.00040914911534950527
2022-01-18,-0.007831162450079676,-0.01770974836099981
2022-01-19,0.0020388159630307934,-0.010383589880634814
2022-01-20,-0.004781907711177124,-0.011067842179270149
2022-01-21,-0.008302970737567241,-0.019630882496314173
2022-01-24,0.001963008267821429,0.0042467269205419544
2022-01-25,-0.002462762606914425,-0.01220890987013501
2022-01-26,-0.007929021466837827,-0.0025088091919278632
2022-01-27,-0.005130896420814324,-0.004937964482433221
2022-01-28,0.007526133951171354,0.02483542739046296
2022-01-31,0.009485185605931293,0.018011084443137593
2022-02-01,0.003455145901608694,0.0067567366139631435
2022-02-02,0.004738346025172417,0.009714170634622432
2022-02-03,-0.01038563708159597,-0.023504947600420878
2022-02-04,0.0005361466906244785,0.004702320479714528
2022-02-07,0.0019720866783207304,-0.003209262701667548
2022-02-08,0.0029823940705784617,0.008227739622067576
2022-02-09,0.00694253361456309,0.014636278011516124
2022-02-10,-0.010216983886340538,-0.01796582824039672
2022-02-11,0.0015701271360864001,-0.01971862760644527
2022-02-14,-0.0019690264317692675,-0.003269226117417423
2022-02-15,0.0023776544292616157,0.016126692960310995
2022-02-16,0.0034437909065913163,0.0011208236769313373
2022-02-17,-0.002994540386689167,-0.02136142406355679
2022-02-18,-0.0027371012545889736,-0.0064750352829689994
2022-02-22,-0.0034767142172568762,-0.010731468934879529
2022-02-23,-0.006001454796699863,-0.017738808590126
2022-02-24,0.0026460265641493953,0.015049143028176726
2022-02-25,0.00875179756177713,0.022064070192561624
2022-02-28,0.004688485486115277,-0.0025586218523432347
2022-03-01,0.001209975293181626,-0.01523013352348479
2022-03-02,0.00113074567454157,0.018396093136880065
2022-03-03,0.0009432626989201252,-0.004978577775694326
2022-03-04,0.0038030132227336567,-0.008124640441277253
2022-03-07,-0.007370910127327348,-0.029478982706252377
2022-03-08,0.00389408869110527,-0.007581725910211445
2022-03-09,0.0005148738071612674,0.026810844951498103
2022-03-10,-0.0013944790209848672,-0.004515657547198737
2022-03-11,-0.0064946447758962595,-0.012714798241819425
2022-03-14,-0.011177992952032326,-0.007308664135636578
2022-03-15,0.0021307596325873647,0.021990506653503328
2022-03-16,0.010722181807604887,0.02217419149891864
2022-03-17,0.007728983226188194,0.012510860778301547
2022-03-18,0.001694967752775818,0.01095294215705378
2022-03-21,0.00034378771012273565,-0.00029240384110917894
2022-03-22,0.0009451798453801543,0.011701381842025516
2022-03-23,0.0006783149781376618,-0.012878465650855597
2022-03-24,0.006353245159187792,0.015074277054835328
2022-03-25,-0.0011525067422495845,0.004883701718091826
2022-03-28,-0.0031340361884978304,0.00711292119164364
2022-03-29,0.005800568399602574,0.012371013119174323
2022-03-30,0.001545631065834506,-0.006175035486678748
2022-03-31,-0.005747803087513381,-0.015391083747894996
2022-04-01,-0.0015676887488708896,0.0028339981636864575
2022-04-04,0.005271490194972214,0.008566710243635756
2022-04-05,-0.009415516558976883,-0.012631523403988876
2022-04-06,-0.004128742763417407,-0.0099992299761138
2022-04-07,0.001717378656340815,0.005038925692491869
2022-04-08,-0.00018165252065645656,-0.002673948305408347
2022-04-11,-0.005731033386409356,-0.017092167400496794
2022-04-12,0.0017112038252645148,-0.0037052675696601645
2022-04-13,0.006515317412284586,0.011453555610184907
2022-04-14,-0.007485910307321884,-0.012451888846641945
2022-04-18,0.00020487578361144142,0.00041122967114937126
2022-04-19,-0.0007337132391871948,0.01614283010200457
2022-04-20,0.0037635447749873588,-0.0007417850192716902
2022-04-21,-0.009410008467499908,-0.014953421006602685
2022-04-22,-0.014658713715227641,-0.027439134710129043
2022-04-25,-0.00253168254325548,0.005797524870352122
2022-04-26,-0.009497840966933725,-0.02896072346662837
2022-04-27,-0.0024194882089054776,0.002811703321167869
2022-04-28,0.011211395539098317,0.02525948513837739
2022-04-29,-0.015109054375291323,-0.03695559355497413
2022-05-02,-0.005507609817323186,0.006019495189471646
2022-05-03,0.005584439004404409,0.0045838336842596306
2022-05-04,0.018163816979306576,0.030452972006179246
2022-05-05,-0.02066218667565899,-0.03554279598623489
2022-05-06,-0.003543799028543525,-0.005968712705274992
2022-05-09,-0.021735208994500432,-0.03201750827848515
2022-05-10,-0.0027513466233359866,0.0023106858589261314
2022-05-11,-0.0014682142840361347,-0.015886188885531616
2022-05-12,-0.0065498307768597705,-0.0010440524196085876
2022-05-13,0.010501678168996074,0.023907840879716424
2022-05-16,0.004152840608199619,-0.0040575245113776415
2022-05-17,0.007012888387225812,0.02057029303467428
2022-05-18,-0.016851007273494208,-0.04031137198317725
2022-05-19,0.005565841552129948,-0.006124573414108547
2022-05-20,0.0001989045733049192,0.0004363598602075136
2022-05-23,0.010303015249354354,0.018710321787315243
2022-05-24,-0.0009119553327274217,-0.007633997982430141
2022-05-25,0.0026766787084239758,0.008834968117881203
2022-05-26,0.007614860097559522,0.019981305920113268
2022-05-27,0.011362465120933953,0.024549285751619854
2022-05-31,-0.00452913744094398,-0.00561103314550937
2022-06-01,-0.0017142383400882823,-0.008088543411830407
2022-06-02,0.01453102370423809,0.019043433692168543
2022-06-03,-0.011497270389359764,-0.016411542809714907
2022-06-06,-0.00067172932521053,0.003044944028859131
2022-06-07,0.007378297278497923,0.009592041162973741
2022-06-08,-0.0063497462254413165,-0.01087204393298502
2022-06-09,-0.013134388687150216,-0.02378303939902371
2022-06-10,-0.010802986466363216,-0.028995634648694035
2022-06-13,-0.029785203981058838,-0.037968296003075275
2022-06-14,-0.007028922836396831,-0.003013123086835545
2022-06-15,0.012157995480181663,0.014256440483781718
2022-06-16,-0.013798488607799631,-0.03309614571770747
2022-06-17,-0.004352307524674163,0.0021556163587403976
2022-06-21,0.011882120649118661,0.025173508180135196
2022-06-22,-0.0012286905666236657,-0.0018127587081466778
2022-06-23,-0.0024585255296427667,0.009802663354781194
2022-06-24,0.014825005673967998,0.031793614244783885
2022-06-27,0.00042416381967885124,-0.0038195225140754685
2022-06-28,-0.006878417909207473,-0.020432873549615205
2022-06-29,-0.0014039966444567187,-0.0008143937289127878
2022-06-30,-0.005488869959733075,-0.008124410925448466
2022-07-01,0.006782502291635405,0.010576707111414674
2022-07-05,-0.010968586360800543,0.0018885549813130176
2022-07-06,-0.006139763375098914,0.00337738075688665
2022-07-07,0.009255562719596981,0.014977039010972248
2022-07-08,-0.0008455307949262622,-0.0008225072194206762
2022-07-11,-0.00738353859798921,-0.011423596978801354
2022-07-12,-0.00533507181521195,-0.008849048273984583
2022-07-13,0.000571643197271787,-0.005251616829959671
2022-07-14,-0.012049454648046349,-0.002428656064706214
2022-07-15,0.008189405126205394,0.01910529809637862
2022-07-18,0.0006756605263529758,-0.008256841289689731
2022-07-19,0.014475448903809454,0.027019084141836958
2022-07-20,-0.00017204264732859618,0.006373114983108996
2022-07-21,0.009228393801508555,0.010183151585469119
2022-07-22,-0.0021632814874737874,-0.00927804431122703
2022-07-25,0.001932001616180195,0.001214792223685146
2022-07-26,-0.006677832494923504,-0.011830994796617422
2022-07-27,0.016613526060335518,0.025966600710624066
2022-07-28,0.010686808164683358,0.012542393555425857
2022-07-29,0.00811155172507952,0.0145785597588306
2022-08-01,-0.0019694387559469314,-0.002961243498165289
2022-08-02,-0.006503467094924886,-0.006597252835601974
2022-08-03,0.007687753875070253,0.01565950222331658
2022-08-04,0.004743097030499067,-0.0006755778273072055
2022-08-05,-0.006543119196902902,-0.0016901283806687317
2022-08-08,0.005239436047815183,-0.0011611021872952598
2022-08-09,-0.002549934717808721,-0.003970906491178594
2022-08-10,0.013295894816529413,0.021003960476100314
2022-08-11,0.0003567361394623104,0.0
2022-08-12,0.011211848756734793,0.01692899734542097
2022-08-15,-0.005726334233902188,0.004120884138939518
2022-08-16,0.0033482069326200782,0.0019585600125753277
2022-08-17,-0.007805421991247627,-0.007098025308262423
2022-08-18,0.0011376974409325817,0.0029065025335255346
2022-08-19,-0.01068057472116318,-0.01343787032470789
2022-08-22,-0.011793515856802932,-0.02082286300835967
2022-08-23,0.003721218141311069,-0.0024189916248194
2022-08-24,0.0013250752214989483,0.0032011575724468777
2022-08-25,0.009180960038241402,0.014117635459904632
2022-08-26,-0.021190011499504675,-0.03384922814866531
2022-08-29,-0.0021087107169170164,-0.0066120938459159895
2022-08-30,-0.012956902427938118,-0.010977942618870307
2022-08-31,-0.009001241799969724,-0.007609123963317033
2022-09-01,-0.005068048808239959,0.0031378779980475446
2022-09-02,0.0024657098622894035,-0.010544230133942234
2022-09-06,-0.007207205885354518,-0.0037732090816138264
2022-09-07,0.012649723129886298,0.01796489451067984
2022-09-08,0.0031372948468110185,0.006536382201945523
2022-09-09,0.013726828668097785,0.015535077028871358
2022-09-12,0.008807646111019127,0.010747713005380133
2022-09-13,-0.02700706225050195,-0.04348245137049511
2022-09-14,0.0016979214872899992,0.0038159760666882647
2022-09-15,-0.01331921491309513,-0.011353335726370983
2022-09-16,-0.0044027721766198725,-0.007629097889862546
2022-09-19,0.006070835795727222,0.007755024429068058
2022-09-20,-0.011253521458614819,-0.011478656360716322
2022-09-21,-0.008655208714921942,-0.017443714708846425
2022-09-22,-0.0072385160369172735,-0.008399782594202931
2022-09-23,-0.020523386654462277,-0.016754839741989658
2022-09-26,-0.013206996695768969,-0.0098926483471663
2022-09-27,-0.0006758420640440631,-0.00255287690591377
2022-09-28,0.02175871252871721,0.019676598401786594
2022-09-29,-0.011225687479078013,-0.020889084731558483
2022-09-30,-0.007946648687182194,-0.01546354578268927
2022-10-03,0.027339218679038095,0.026401306652330314
2022-10-04,0.02438893454124963,0.030986500525281402
2022-10-05,-0.007424754603335747,-0.0023282839639404695
2022-10-06,-0.010832459024197934,-0.010315731544796258
2022-10-07,-0.017945062668515345,-0.027893836909542724
2022-10-10,-0.010283751887447366,-0.00763539670180946
2022-10-11,-0.006537298980953753,-0.006333075256424903
2022-10-12,-0.00018782079046118913,-0.003298301807914794
2022-10-13,0.014026869131952136,0.02639110237121378
2022-10-14,-0.018233779653889552,-0.0227888931876552
2022-10-17,0.01685683784814737,0.025697216078153007
2022-10-18,0.007023368961415149,0.011749573417616732
2022-10-19,-0.009289150806243174,-0.007086715037427416
2022-10-20,-0.00512739838665099,-0.008385168446206182
2022-10-21,0.020391816968547895,0.02430151772849043
2022-10-24,0.0019020761756021725,0.012236440251068847
2022-10-25,0.011536449313515048,0.015968577368481007
2022-10-26,0.00397829087432839,-0.00753410302035451
2022-10-27,-0.00028256099943849513,-0.005339817701777605
2022-10-28,0.005004696211550862,0.023790662629498804
2022-10-31,-0.005766715335720515,-0.007223350841627396
2022-11-01,0.0031973441434912566,-0.004376068852617765
2022-11-02,-0.015569120816086836,-0.025096063115187306
2022-11-03,-0.006633224272876057,-0.01029693672963039
2022-11-04,0.023700752996487624,0.014393201671254019
2022-11-07,0.0025705654547106167,0.00956560978388099
2022-11-08,0.012164654529117443,0.005395236097508249
2022-11-09,-0.01488597902915692,-0.02060196551310345
2022-11-10,0.043642399251460545,0.054954148681972015
2022-11-11,0.008259315088641769,0.009678478285461534
2022-11-14,-0.006356665130822482,-0.00850662766980137
2022-11-15,0.006419207848484869,0.008528893355592926
2022-11-16,-0.003823531280032118,-0.007628749250628841
2022-11-17,-0.004394720791614721,-0.0030598295058513747
2022-11-18,-0.0008670772798175452,0.004540436243096302
2022-11-21,-0.004533131079538693,-0.0036359928193960833
2022-11-22,0.01110729975054,0.013456949187451883
2022-11-23,0.005484450149330822,0.006301551099627156
2022-11-25,0.0016755984750167613,-0.00022372477530763213
2022-11-28,-0.012984668563193011,-0.01595693508017293
2022-11-29,-0.00021081647012919519,-0.0017175992740560142
2022-11-30,0.019558003761524265,0.031500544200153247
2022-12-01,0.008029999622906665,-0.0007357374598294664
2022-12-02,-0.0028463776824355224,-0.0011535690202428839
2022-12-05,-0.01799989877032592,-0.0179893452136084
2022-12-06,-0.008064932648302773,-0.014414874388175014
2022-12-07,0.0026456718542342645,-0.001701191484428155
2022-12-08,0.004504363984580928,0.00783378535616408
2022-12-09,-0.003750898927928867,-0.00747001973846273
2022-12-12,0.003341856507410163,0.014417230643210877
2022-12-13,0.010104021491350567,0.007569805136094843
2022-12-14,-0.004001575833740279,-0.006393371179997498
2022-12-15,-0.019620497751293504,-0.0244619581195461
2022-12-16,-0.004610310417532522,-0.011806034585724379
2022-12-19,-0.00642665295962754,-0.008479682084361562
2022-12-20,0.00763496830924574,0.0013685372621836667
2022-12-21,0.00858055188004388,0.014952399875083788
2022-12-22,-0.012199960982962253,-0.014266225038724323
2022-12-23,0.006212357109825473,0.005752460187365527
2022-12-27,0.0024428920123448516,-0.003943676709821098
2022-12-28,-0.011156798873431073,-0.012427917325989468
2022-12-29,0.013065716947529348,0.018000358338946087
2022-12-30,-0.002245119692872162,-0.00263417033794211
2023-01-03,0.00015446055275610123,-0.004209844430290266
2023-01-04,0.012119765404159155,0.007720200387142162
2023-01-05,-0.010316905580173404,-0.011413199601295165
2023-01-06,0.02154096248424446,0.022932110075162715
2023-01-09,0.00265809741085907,-0.0005670484170520185
2023-01-10,0.0024309290149385583,0.007012866247386729
2023-01-11,0.007420194625557893,0.01264791732525472
2023-01-12,0.009380094551827318,0.0036407425814779515
2023-01-13,0.005528346137893872,0.0038795150382657795
2023-01-17,-0.001386800931568928,-0.0018319081186026764
2023-01-18,-0.008226189181742267,-0.01578814435176823
2023-01-19,0.002883737388274793,-0.00727989059145584
2023-01-20,0.008601154441962668,0.018629120305978297
2023-01-23,0.006018194848520634,0.011998656142058417
2023-01-24,0.0010892014235306868,-0.0010732414588127126
2023-01-25,0.0008738920670442656,0.00037490772767001523
2023-01-26,0.0037835923548962193,0.01099023485356132
2023-01-27,0.0005335693111299805,0.002297717102461183
2023-01-30,-0.008832402897524216,-0.01254698660594189
2023-01-31,0.01131564681038023,0.014703483763720326
2023-02-01,0.007702477756296578,0.010627889344803965
2023-02-02,-0.0028343091484325563,0.014556979112940516
2023-02-03,-0.013368771361401521,-0.010629276584518399
2023-02-06,-0.005526797050704737,-0.0061112972298206225
2023-02-07,0.008378979353133321,0.01307868922875799
2023-02-08,-0.005098725482868473,-0.01093480275730141
2023-02-09,-0.006576171577136256,-0.008669122630847514
2023-02-10,0.004341847128999141,0.0023336651569969558
2023-02-13,0.005032225956585281,0.01173901361353824
2023-02-14,-0.00023362779918034642,-0.0004602303900584914
2023-02-15,-0.003303795573474456,0.0032473687198399936
2023-02-16,-0.008241655504084854,-0.0137688782411578
2023-02-17,-0.0011346618582777405,-0.0024981381026429883
2023-02-21,-0.01363922853556302,-0.02006094277239312
2023-02-22,-0.004053550309939337,-0.0013779985299137154
2023-02-23,0.0022152067409536135,0.0053192288606955795
2023-02-24,-0.008168928641407771,-0.01068237635176672
2023-02-27,0.004969158326106074,0.0034057797567805803
2023-02-28,-0.0024848863569324935,-0.0036958634739594487
2023-03-01,0.002788409621677613,-0.0038359454723293496
2023-03-02,0.0035850135548385455,0.007777274930597766
2023-03-03,0.013502257803460128,0.016037832552376896
2023-03-06,-0.003109155001495245,0.0006928224328721644
2023-03-07,-0.01809002148683897,-0.01532879279227961
2023-03-08,0.0009823258190258212,0.0016320624828727315
2023-03-09,-0.007998584716892465,-0.018449794554929122
2023-03-10,-0.003510014245563544,-0.01442945035798171
2023-03-13,0.004585748975910172,-0.0014253079990748097
2023-03-14,0.007396988214988233,0.016530220234259208
2023-03-15,-0.009258816795618293,-0.0062544708578565755
2023-03-16,0.01095023779612492,0.01754519821567202
2023-03-17,0.0009176538964685691,-0.011692681855202447
2023-03-20,0.008733693379902843,0.009615605833885432
2023-03-21,0.0008835005008078142,0.013130583497988901
2023-03-22,-0.00226746109830136,-0.017046662725644035
2023-03-23,0.0032116401842757097,0.0027034930038207783
2023-03-24,-0.0012507565311760012,0.006562151107925462
2023-03-27,0.0021312787613517203,0.0018696813418597191
2023-03-28,0.0036451689478811935,-0.0022446906729859384
2023-03-29,0.007786806641658353,0.01453497177007379
2023-03-30,0.008134231405407146,0.005855178658443094
2023-03-31,0.005827048623326847,0.01409479575513517
2023-04-03,0.009543211892465299,0.0038104048995595274
2023-04-04,0.0032521409917191215,-0.005548032283086313
2023-04-05,-0.0035329245447903957,-0.0026183702621701554
2023-04-06,-0.000581994758563807,0.003901009160139468
2023-04-10,-0.0013728346556074022,0.0010264359222695862
2023-04-11,0.005087536458340347,0.00026849303107723266
2023-04-12,0.0020841852217721403,-0.004076143693379608
2023-04-13,0.0132603118914868,0.013282856475966609
2023-04-14,-0.006792140180106432,-0.0024426385090943192
2023-04-17,7.047516657377969e-05,0.003588018801642834
2023-04-18,0.002667600632454482,0.0006524221171098077
2023-04-19,-0.003314064551325191,-0.00016902324290313242
2023-04-20,-0.0018108113808176006,-0.00545700843803254
2023-04-21,-0.0025685325810579566,0.0007768047501430786
2023-04-24,0.0015679997421339967,0.0010431594624702445
2023-04-25,-0.010507154667959085,-0.01587367819723473
2023-04-26,-0.0038392138085362897,-0.004235687187766568
2023-04-27,0.010811080644001115,0.019907916497306832
2023-04-28,0.005614010314298844,0.008535395949182067
2023-05-01,-0.0022141924537273238,-0.0010098804809777207
2023-05-02,-0.006226245987649695,-0.011239277100811296
2023-05-03,-0.001039697306320969,-0.006863898383989708
2023-05-04,-0.0005819598726078505,-0.007083006277092463
2023-05-05,0.013541088758388352,0.018512526649915317
2023-05-08,0.0011437858165220458,0.00026660625836960605
2023-05-09,-0.0009330365041664518,-0.004385344706336447
2023-05-10,-0.0005571666506215202,0.004672291261600847
2023-05-11,-0.006309967365341613,-0.001743795952588667
2023-05-12,-0.0022918744755553604,-0.0013104229137841372
2023-05-15,0.006772620124790003,0.0034500678393238893
2023-05-16,-0.011264938711944922,-0.0066827234293243
2023-05-17,0.0053296079201209465,0.012138939597578169
2023-05-18,-0.0010692606604840761,0.009633349429454263
2023-05-19,0.0032470505788616396,-0.0014551546767085366
2023-05-22,0.00013196220545532968,0.0004061867178830614
2023-05-23,-0.009460206178613637,-0.011222996946425479
2023-05-24,-0.012091576722514394,-0.007244615160208023
2023-05-25,-0.0024671350469711883,0.008659791724244137
2023-05-26,0.009225873112428184,0.012950663789054628
2023-05-30,-0.002935828780388884,0.0003809880676184374
2023-05-31,-0.005722854110498438,-0.005545264085310975
2023-06-01,0.011621725420281078,0.009501117775335244
2023-06-02,0.01022131321312287,0.014461063472676283
2023-06-05,-0.0024110675607823834,-0.0019161359724432225
2023-06-06,0.005232189120925033,0.0021774614852163587
2023-06-07,-0.00550563481662295,-0.0034577983550003744
2023-06-08,0.006492139171476265,0.006048627604082091
2023-06-09,-0.0006878579118812107,0.0017941857507983716
2023-06-12,0.0035742737860413507,0.009071871823071564
2023-06-13,0.004549792866516715,0.006592960620339872
2023-06-14,0.0014659340681003271,0.0011908620379044166
2023-06-15,0.010458411144007421,0.012397506254428592
2023-06-16,-0.002108120682974091,-0.0034060373877006223
2023-06-20,-0.01032216538284412,-0.005188221331448806
2023-06-21,-0.0007425986665033114,-0.005123693502852689
2023-06-22,-0.0035488892782306715,0.0036096387710047306
2023-06-23,-0.008108398666118325,-0.007559999223081482
2023-06-26,0.0031038551129387833,-0.004085741318203384
2023-06-27,0.006094804416295669,0.010963234571257363
2023-06-28,-0.0009623519671693329,0.0005046006818911764
2023-06-29,0.0026104563177331034,0.003941350481896588
2023-06-30,0.010784077687053247,0.011800767392805556
2023-07-03,0.002155350771388507,0.0011503004356185897
2023-07-05,-0.006777244441847304,-0.0014871687762170183
2023-07-06,-0.012575996185349578,-0.007830645238986578
2023-07-07,0.004449705052728919,-0.0025247362399895
2023-07-10,0.0010376637627260712,0.002531126667214112
2023-07-11,0.005933786243796595,0.006368614272175277
2023-07-12,0.01319322429170611,0.008045899109556887
2023-07-13,0.010748559647564437,0.007936863818287732
2023-07-14,-0.00439681958578131,-0.0006228875396631084
2023-07-17,0.0013722015790463336,0.003472359198436026
2023-07-18,0.008300590993997312,0.007430506058528241
2023-07-19,0.0025332675526025,0.0022236439251759332
2023-07-20,-0.005116057236428741,-0.006634354056003322
2023-07-21,0.0007884858995583822,0.0
2023-07-24,0.001751924794332314,0.004467201260608622
2023-07-25,0.0012452978214123694,0.0027301360889566695
2023-07-26,0.0014021789595586556,0.00015371141924069853
2023-07-27,-0.008386349629298438,-0.006630050123222264
2023-07-28,0.007910717690789784,0.00979040603090886
2023-07-31,0.0036858871519102445,0.0019040036669475402
2023-08-01,-0.009672245918559176,-0.0028616485584845863
2023-08-02,-0.016219120106635284,-0.013910735176239752
2023-08-03,-0.003271430391495333,-0.0028657991735090427
2023-08-04,0.0006164005210101524,-0.004522674547055239
2023-08-07,0.006047101257455921,0.008728488986231797
2023-08-08,-0.005641001499096884,-0.004348654281194686
2023-08-09,-0.0018733900940888979,-0.00668538228627058
2023-08-10,0.0018902483688541302,0.0003589461355988366
2023-08-11,-0.0015111312118383014,-0.0005830153259259729
2023-08-14,-0.0017810564479104898,0.005519892780754487
2023-08-15,-0.013953071372138401,-0.011648763104259219
2023-08-16,-0.0062031046978423855,-0.0073381568024529775
2023-08-17,-0.00598861827023953,-0.0076198720097716555
2023-08-18,0.00016148111378031508,0.00048122721614429764
2023-08-21,0.0028978596531718725,0.006506302758827243
2023-08-22,-0.002985441330106486,-0.0027085580905338302
2023-08-23,0.01093168687556307,0.011137595640303921
2023-08-24,-0.010510003887686234,-0.013858861559605584
2023-08-25,0.004096029159456004,0.007049727274289541
2023-08-28,0.008117581073797429,0.006341303426381284
2023-08-29,0.01398604071284501,0.014454830834781829
2023-08-30,0.0027979120166138115,0.004118729186070258
2023-08-31,-0.0014287889969259331,-0.0014632186824846682
2023-09-01,0.002517350498362713,0.0018650985926993435
2023-09-05,-0.0075488124151678795,-0.004321984219356589
2023-09-06,-0.00587968065252483,-0.006722303970809307
2023-09-07,-0.004152838424791737,-0.0030703712342996514
2023-09-08,5.995721380730424e-05,0.0015061956083635142
2023-09-11,0.008445076674328476,0.006576647751411535
2023-09-12,-0.0024244179228353957,-0.005485499519550574
2023-09-13,0.00023102357310043108,0.0011658957608624565
2023-09-14,0.012137998047661067,0.008622334464897463
2023-09-15,-0.003369741409608739,-0.012048317286090349
2023-09-18,-0.0011367302430681972,0.0005863612626462178
2023-09-19,-0.0031933003167884605,-0.0020737581859251453
2023-09-20,-0.004176637263540538,-0.009193334969118228
2023-09-21,-0.017140885827045066,-0.016528432919800773
2023-09-22,-0.0006258683675621327,-0.0022485744460486456
2023-09-25,0.0007414841238856388,0.004205283509166158
2023-09-26,-0.01383710078149188,-0.014691252400359178
2023-09-27,-0.0032043548260095446,0.00039912863242075325
2023-09-28,0.0067447315858240155,0.005797397663101833
2023-09-29,-0.005025082760078023,-0.00242686948232429
2023-10-02,-0.01246926148115498,-0.0003976347477229192
2023-10-03,-0.011638792592372656,-0.013386169899229694
2023-10-04,0.0018737452613357452,0.007282061556784125
2023-10-05,0.004853171582483996,-0.0003767123256807059
2023-10-06,0.010075758958583833,0.011872775406430947
2023-10-09,0.0067085763644293365,0.006402124106015039
2023-10-10,0.00795942296787019,0.005204839494620472
2023-10-11,0.005458388708756631,0.004096329971203794
2023-10-12,-0.008642851851614173,-0.0060964577614366355
2023-10-13,-0.001330160576652058,-0.004980948162715437
2023-10-16,0.008659398886183922,0.010521495598583064
2023-10-17,0.0005242824921393824,-4.5822430105868506e-05
2023-10-18,-0.013302480838719957,-0.013325235744871655
2023-10-19,-0.005246451344655647,-0.00878637848979491
2023-10-20,-0.009652494835141122,-0.012287978463416449
2023-10-23,-0.00127891309419894,-0.0017332294675924675
2023-10-24,0.0019256332752409218,0.007539315126647628
2023-10-25,-0.007897949696465543,-0.014352192382127149
2023-10-26,-0.007193543394425381,-0.011974540388663635
2023-10-27,-0.00431094679555395,-0.004532813949393977
2023-10-30,0.01009028899402754,0.01195579791743917
2023-10-31,0.0016639987547651283,0.0062802439985494285
2023-11-01,0.00882769737175881,0.010664692513331353
2023-11-02,0.023997344667715158,0.019164492765213925
2023-11-03,0.010508371105930323,0.00912330707665987
2023-11-06,-0.003105208580137055,0.0023006356514359005
2023-11-07,-0.005214472827964418,0.0028460455654977235
2023-11-08,-0.002163029060276601,0.0007321957131094514
2023-11-09,-0.001168939919579106,-0.007798614702516193
2023-11-10,0.005936887481585703,0.015604715055473894
2023-11-13,0.002584604373874854,-0.0009531097676352962
2023-11-14,0.02101150137582892,0.01940077163022358
2023-11-15,0.0006966288611666006,0.0021170166856303574
2023-11-16,-0.00046575256523323966,0.0012230913626485318
2023-11-17,0.007768933083943483,0.0012437530432212185
2023-11-20,0.003795598043301528,0.0076977653327063855
2023-11-21,-0.0018682627477910004,-0.002179493909730268
2023-11-22,0.0016163122834629271,0.0038609031904957014
2023-11-24,0.004826486967216279,0.000615261792197952
2023-11-27,-0.0025461590202867364,-0.0018011071392063371
2023-11-28,0.0027585757318316284,0.0009902802220673745
2023-11-29,0.0014271292230507054,-0.000703364013801
2023-11-30,0.0032858285947315827,0.0039374285322471
2023-12-01,0.011024205171916891,0.0059157940104055395
2023-12-04,-0.007594441460384365,-0.00524927864340996
2023-12-05,-0.003040682544461979,-0.0001971252057767492
2023-12-06,-0.0015505596571772382,-0.004029771213041156
2023-12-07,0.0037293164837673316,0.007630357049566827
2023-12-08,0.002063563951429253,0.004299178637885426
2023-12-11,0.0013998549160747459,0.003889598811895878
2023-12-12,5.427755614073864e-05,0.004567213251098545
2023-12-13,0.01823785304845631,0.013790131427585894
2023-12-14,0.007870468518913197,0.003209364323303321
2023-12-15,-0.007056575491703997,-0.0016465960120916057
2023-12-18,0.004120181167732849,0.005625222851529665
2023-12-19,0.009280104173018763,0.006080678919488047
2023-12-20,-0.011582700244798134,-0.013857198112528835
2023-12-21,0.012617137511444464,0.00948194750756226
2023-12-22,0.003567705691577359,0.002009729559808493
2023-12-26,0.006687707256933349,0.0042224678363411705
2023-12-27,0.00292058906282511,0.0018081013815987035
2023-12-28,-0.0026464818499785884,0.0003777789735004422
2023-12-29,-0.0008698423653108918,-0.0028949221282543736
2024-01-02,-0.008366615971986534,-0.005596448569798462
2024-01-03,-0.0065301528678721864,-0.008166614722053489
2024-01-04,0.0003213416688080716,-0.003221207393134695
2024-01-05,0.0017051863513908732,0.001369735189012733
2024-01-08,0.009006153252201828,0.01427598349014736
2024-01-09,-0.00556031516281402,-0.0015171928393092893
2024-01-10,0.0040664145594385345,0.005655397934275941
2024-01-11,-0.0013749318424121602,-0.0004404754448276149
2024-01-12,0.0028449152082068024,0.0006926500224504473
2024-01-16,-0.009894586171231536,-0.003671305816637993
2024-01-17,-0.0095343610800794,-0.005558695195721497
2024-01-18,0.007595018841573543,0.008892944895309007
2024-01-19,0.008262536284761875,0.012466081237467286
2024-01-22,0.00044168734096237136,0.0021143222089887725
2024-01-23,0.00199868051403108,0.002916608985920943
2024-01-24,0.0009461379442414856,0.001093067525305802
2024-01-25,0.005118553117497936,0.005438972274629972
2024-01-26,0.0017819009992095165,-0.0012703982078430265
2024-01-29,0.006732474127161914,0.00791930838200483
2024-01-30,0.0004077926383950991,-0.0007734292718122315
2024-01-31,-0.010230530345973581,-0.01631726025491409
2024-02-01,0.009696449066076869,0.013088113074957608
2024-02-02,-0.0021911440600974473,0.010527488664202167
2024-02-05,-0.007977903871193634,-0.003641321644038742
2024-02-06,0.005482558677686587,0.0029031900587221937
2024-02-07,0.0032001273628548326,0.00834043292662745
2024-02-08,-0.00039381385144632243,0.0004416873908548169
2024-02-09,0.002077692657618745,0.005779462873514829
2024-02-12,0.00016553405704433587,-0.0004388938004170617
2024-02-13,-0.019353761346238757,-0.013773050281210675
2024-02-14,0.009020590628071808,0.009087666808703654
2024-02-15,0.011733428860487068,0.0068997303894000606
2024-02-16,-0.00040080593812060784,-0.004980100130578369
2024-02-20,-0.0005698270490775439,-0.005505317865284964
2024-02-21,-4.4163781887141245e-05,0.0009057549723296976
2024-02-22,0.01033921153072654,0.020695555300394686
2024-02-23,0.0032532214528072194,0.0006895966949180821
2024-02-26,-0.0030442742938128647,-0.0036623329175761166
2024-02-27,-0.00022253778624009644,0.00185756160432482
2024-02-28,-0.002229994050243354,-0.0013214537486097022
2024-02-29,0.004771432221683568,0.003594904286224221
2024-03-01,0.01223462147110574,0.009388144450534153
2024-03-04,0.0035467571874394535,-0.0010723979819938778
2024-03-05,-0.0016962901525513158,-0.009994070035611036
2024-03-06,0.007522139996161378,0.005067190319664627
2024-03-07,0.010052234820676893,0.009926515429006466
2024-03-08,-0.0010208523109264665,-0.006002331437293784
2024-03-11,0.0006021502225955339,-0.0008598023771130281
2024-03-12,0.0015398668773607604,0.010757473550450536
2024-03-13,0.004262224172598138,-0.0015676501509966911
2024-03-14,-0.005563910035287243,-0.001976761613724509
2024-03-15,-0.0032979845091741567,-0.006866524237514882
2024-03-18,0.002158771612945143,0.005943092917995552
2024-03-19,0.0014997082329533114,0.005557150183502779
2024-03-20,0.01170626855692107,0.009249282727917585
2024-03-21,0.00015931226432618355,0.0033047916436261815
2024-03-22,-0.006250894257513283,-0.001895993639090321
2024-03-25,-0.0001633405782385459,-0.0027627134041332546
2024-03-26,-0.00010557076410475682,-0.0018470332657346544
2024-03-27,0.0080802867072127,0.008403745880050995
2024-03-28,0.0052427162049620175,-0.00019097903566256402
2024-04-01,0.0016445136661833127,-0.0017396921168764123
2024-04-02,0.00040712819963641036,-0.006358195300753544
2024-04-03,0.004780338271610128,0.0010984132670759372
2024-04-04,-0.0075737316091460585,-0.012206029859420209
2024-04-05,0.010636897021383172,0.01044685736580897
2024-04-08,0.002921991485930351,0.0005594337910161951
2024-04-09,0.003392055495582402,0.0011567337987241633
2024-04-10,-0.011527761828616718,-0.010013105867125893
2024-04-11,0.006781663339555499,0.007546924520795084
2024-04-12,-0.014576826173344232,-0.013803209678204476
2024-04-15,-0.0006207618600212561,-0.012528045455442394
2024-04-16,-0.003282417375181465,-0.001823849713777026
2024-04-17,-0.0026915786155613185,-0.005918239362510458
2024-04-18,0.0007848924447751322,-0.002057642968962492
2024-04-19,0.0004770441102302401,-0.008728460346448585
2024-04-22,-0.0014577669402157023,0.009209325524217604
2024-04-23,0.006643346073558095,0.011866447113223266
2024-04-24,-0.0035987004148158577,-0.0004745272898980524
2024-04-25,0.0013102274567039622,-0.0037990223427796233
2024-04-26,0.005656502638973524,0.009474079567373561
2024-04-29,0.0012364313342561038,0.003541425794308495
2024-04-30,-0.018049457359479076,-0.015841224561787492
2024-05-01,0.0016869642325173751,-0.003247275516406134
2024-05-02,0.006477331974757202,0.00935345109886665
2024-05-03,0.0063253803116877965,0.012395333193343516
2024-05-06,0.011329623735301431,0.010326795393301946
2024-05-07,-0.0016504846992835228,0.0011034231044615428
2024-05-08,-0.001834406436125945,9.67856428928382e-05
2024-05-09,0.010236575867412083,0.005761864935893701
2024-05-10,0.0023018481349324697,0.001288107773678382
2024-05-13,-0.003948744142766218,0.00013418672361598105
2024-05-14,0.0048980829743459475,0.004588343893825009
2024-05-15,0.00988760974859226,0.012383185376071415
2024-05-16,-0.002323199935158375,-0.0020576401321450444
2024-05-17,0.00799618706903917,0.0014371891667759318
2024-05-20,0.0018595854950498932,0.0011524089885994737
2024-05-21,-0.0006409258792050714,0.0024525843711427076
2024-05-22,-0.009968084792249168,-0.002879631565241514
2024-05-23,-0.011432175386683218,-0.007304163774058625
2024-05-24,0.006256219036235559,0.006616752893225497
2024-05-28,0.0026202352446302053,0.0006983954486479149
2024-05-29,-0.013000366997540298,-0.0070025115353917755
2024-05-30,0.0025551936427651895,-0.00663346169006096
2024-05-31,0.006386946451228852,0.009108093699109254
2024-06-03,0.0006941274110013175,0.0008154777307982641
2024-06-04,-0.00508996636865727,0.0011177711320280448
2024-06-05,0.00965487374821146,0.011885179357425057
2024-06-06,0.0037429229705808202,-1.887344506290578e-05
2024-06-07,-0.016338265549026332,-0.0012157428669887782
2024-06-10,0.004164186020176389,0.003090007323510058
2024-06-11,-0.00190476279150034,0.0024084545648230815
2024-06-12,0.006230024463522473,0.00821287517981939
2024-06-13,-0.007391780180397344,0.0020133932022159406
2024-06-14,0.0024731303699054943,0.000608385484190066
2024-06-17,0.0007358624700325763,0.007958943760979054
2024-06-18,0.002690061796487057,0.002540606349351382
2024-06-20,0.003158354120961079,-0.0027165592955371576
2024-06-21,-0.006161249966970989,-0.0013406073675891195
2024-06-24,0.005858034746634626,-0.0032506252697034332
2024-06-25,-0.0005770400404450586,0.0038508693016992
2024-06-26,-0.003859761895474574,0.001248040589708399
2024-06-27,0.006306563029252698,0.0015764620410412267
2024-06-28,-0.0020853710117157524,-0.003934951800456332
2024-07-01,0.0002833293764797995,0.002057910477685221
2024-07-02,0.005415282287301048,0.006729777556184535
2024-07-03,0.0099645365301801,0.004462633437717578
2024-07-05,0.004776868016403098,0.005766712095817139
2024-07-08,-0.0035549822941771943,0.0011536459615004713
2024-07-09,-0.0005570051617303335,0.00097250822668693
2024-07-10,0.010112824506395246,0.00989516979535332
2024-07-11,0.005065231113216211,-0.008622454625307419
2024-07-12,0.00456735024866977,0.006307514029705308
2024-07-15,0.0008328708374976757,0.002750175305841207
2024-07-16,0.011581078931169773,0.005930115434578109
2024-07-17,-0.008280736212586862,-0.014021125861095052
2024-07-18,-0.007532204376205006,-0.007684867735657797
2024-07-19,-0.008532094542594104,-0.006640753944496813
2024-07-22,0.006354381212083109,0.010309969789220386
2024-07-23,-0.0019935738113551114,-0.0015685061654826526
2024-07-24,-0.011770788952252614,-0.02266253503721738
2024-07-25,-0.00728435960930282,-0.005210424917823309
2024-07-26,0.010400881627424023,0.011199786666130862
2024-07-29,-0.0015469072381432897,0.0005876871468089018
2024-07-30,0.002723840296689756,-0.005066212326206521
2024-07-31,0.016181866647333207,0.016254382577519433
2024-08-01,-0.015759781434910775,-0.014160983226109813
2024-08-02,-0.013224281005148344,-0.018618374176550767
2024-08-05,-0.02085571210489426,-0.029123638029287413
2024-08-06,0.002527886772301485,0.009219607803565788
2024-08-07,-0.0009252824289050553,-0.0066839840081581725
2024-08-08,0.018405624710375684,0.0231174198151487
2024-08-09,0.0036893397501387183,0.004409455445256505
2024-08-12,0.0052633248712910035,0.0005255231155172346
2024-08-13,0.010976685691078214,0.016445611979273966
2024-08-14,0.0002449944214818618,0.003154664378108407
2024-08-15,0.010856842603599171,0.017140279613037324
2024-08-16,0.00945557708945292,0.002242107090437484
2024-08-19,0.006660504232677467,0.009561317083834675
2024-08-20,-0.0005523884798731055,-0.0016259489433099183
2024-08-21,0.0038099909939072855,0.0034364585871791142
2024-08-22,-0.008137945200592318,-0.007848623339251737
2024-08-23,0.014062543162718176,0.010625498516801724
2024-08-26,-0.0005517892453364449,-0.0023838078532075757
2024-08-27,0.0024670741941163793,0.0013730701943517332
2024-08-28,-0.005712829702424584,-0.005805295799737431
2024-08-29,0.003169444636876001,8.95287921887089e-05
2024-08-30,0.001929277706551302,0.009546072346289236
2024-09-03,-0.013962145732716015,-0.020579026709049875
2024-09-04,-0.0013807600708448044,-0.002046831151567785
2024-09-05,0.0015151155952074797,-0.00243229393047395
2024-09-06,-0.013971647671356814,-0.016830206238196865
2024-09-09,0.008768071457190154,0.01119637185960376
2024-09-10,0.0006347345757939742,0.004355686338059606
2024-09-11,0.005777625888210876,0.01025896362284362
2024-09-12,0.011135012248359999,0.00842312138483714
2024-09-13,0.005617206343278918,0.005223008994054368
2024-09-16,0.003458159345755201,0.0014767043921444234
2024-09-17,-0.0034630652649193933,0.000408621822607369
2024-09-18,-0.004650506833781452,-0.002965715046395201
2024-09-19,0.017279099102238134,0.017064379867388402
2024-09-20,0.0003932234515508663,-0.0017287132046410747
2024-09-23,0.0030826171537246473,0.002498796091329858
2024-09-24,0.0076066385005379945,0.0028613781440374186
2024-09-25,-0.003283614835330119,-0.0022055737066932757
2024-09-26,0.009618036004060415,0.003964689912045127
2024-09-27,-0.005114422930310747,-0.0014501806622718716
2024-09-30,-0.001974727839816778,0.004007305414900353
2024-10-01,-0.0012936010411230873,-0.008958494923903215
2024-10-02,-0.0005036791869917853,0.0004219651690462456
2024-10-03,-0.0038896588554370864,-0.0018282874764478096
2024-10-04,0.004488898120279039,0.009087534675365383
2024-10-07,-0.0059794411204636515,-0.009040592488362198
2024-10-08,-0.000644864892409678,0.009457552682250014
2024-10-09,0.001141991721974863,0.006926375595342149
2024-10-10,0.0014471930203645766,-0.0017499291040383724
2024-10-11,0.007087149821342884,0.0059882340034091985
2024-10-14,0.0028163972392124576,0.008178347387759244
2024-10-15,-0.00634473635695859,-0.00776970906002461
2024-10-16,0.0046409504977400085,0.004346521354757771
2024-10-17,0.0018850035247852772,8.579011571407946e-05
2024-10-18,0.006697031669265951,0.003846549618283124
2024-10-21,-0.004650524373021446,-0.0016421737689265026
2024-10-22,0.0016133925027555093,-0.0005312863834486814
2024-10-23,-0.010041064499701284,-0.009137259534063746
2024-10-24,0.004324486810908871,0.0021626936841196986
2024-10-25,-0.001232515042904133,-0.00034529749463285686
2024-10-28,0.003973173169751402,0.003091216038629163
2024-10-29,0.002282745554177319,0.0016184860256280853
2024-10-30,-0.0012000120048121573,-0.0030253155951148747
2024-10-31,-0.0139769526075477,-0.019602873198313775
2024-11-01,0.00016797824068099493,0.004220367899269606
2024-11-04,0.0015537256411116821,-0.0021540012732411684
2024-11-05,0.008672443131706658,0.012091924541914878
2024-11-06,-0.0015064825761376792,0.02486548417257639
2024-11-07,0.012844960121516157,0.007732166775691551
2024-11-08,-0.00545850624054254,0.004331817585501385
2024-11-11,-0.005435122312159557,0.0009527803423099446
2024-11-12,-0.002655161231715557,-0.0031065426783724037
2024-11-13,-0.0042516445033626005,0.00048587192800053636
2024-11-14,-0.0029317601831147133,-0.006429998052425168
2024-11-15,-0.0073025324026724445,-0.012808850201867839
2024-11-18,0.009709080284180143,0.0040976238120875585
2024-11-19,0.0054398440406041,0.003655261726704495
2024-11-20,0.0010234540435762303,0.00033903889052822045
2024-11-21,0.00932665950083049,0.0053683536000994625
2024-11-22,0.0053952707688660366,0.00309918319135849
2024-11-25,-0.007862843036455265,0.0033920006828596083
2024-11-26,-0.000457680521973587,0.005221694484293771
2024-11-27,0.0019193992500372075,-0.0030301913348381726
2024-11-29,0.008727328945256572,0.006212049418394816
2024-12-02,-0.002850476970055858,0.0017924316583697308
2024-12-03,0.0006152595950528797,0.00046404849796854997
2024-12-04,0.002569150592142842,0.006209303997120941
2024-12-05,1.0992439465856208e-05,-0.0016456381536615883
2024-12-06,-0.002105199772516831,0.0018957970629966958
2024-12-09,0.00010920819254101174,-0.005149773956372283
2024-12-10,0.0009225500932408857,-0.0031089909544445016
2024-12-11,0.00743209361935391,0.007730532685877423
2024-12-12,-0.011101628377097932,-0.0051525383572418315
2024-12-13,-0.004961591017001768,-0.00019851558290084892
2024-12-16,0.0001762827112179741,0.004269746605790159
2024-12-17,-0.004364248840113172,-0.004119785042113078
2024-12-18,-0.025564445551481883,-0.029803561241186882
2024-12-19,-0.0015644005451266013,-0.0003071533814092975
2024-12-20,0.008649432749789224,0.012011119543337445
2024-12-23,0.0026892583289015596,0.005988313709807791
2024-12-24,0.0066055598303905935,0.011114887343071977
2024-12-26,0.00222329234004988,6.65923432199289e-05
2024-12-27,-0.00684784596929194,-0.010526584636580516
2024-12-30,-0.006006956490167638,-0.011411481727463979
2024-12-31,0.0023501535057343665,-0.0036380302212820625
2025-01-02,0.0033674599387126447,-0.0024571230950862777
2025-01-03,0.003614208340580603,0.012503509484611541
2025-01-06,0.004009840667169202,0.0057606146132827
2025-01-07,-0.003543508727979235,-0.011304043887817472
2025-01-08,0.0035021519246379845,0.0014608005193343931
2025-01-10,-0.008969938771299042,-0.01526743005274922
2025-01-13,-0.004149349990722465,0.0015504784953839224
2025-01-14,0.004080301072994621,0.0013760571001555366
2025-01-15,0.01220098911301966,0.0181899219275814
2025-01-16,0.0013423113591365886,-0.0019231009119402565
2025-01-17,0.00286453720584533,0.010039901513010152
2025-01-21,0.014441163423286198,0.009153479326038605
2025-01-22,0.001760453943912528,0.005621538649823066
2025-01-23,0.004881335469196662,0.005458057765894919
2025-01-24,0.00299579067194295,-0.002919366656961908
2025-01-27,-0.009813970139494303,-0.014145255297208559
2025-01-28,0.005411489399619358,0.008592316241543996
2025-01-29,-0.001566656898996642,-0.004482865008468062
2025-01-30,0.009350210608834127,0.005367082022447178
2025-01-31,-0.0059622850088716884,-0.0053219102689264774
2025-02-03,-0.004996264578106125,-0.006729656605243939
2025-02-04,0.009800223980660643,0.006708266133351959
2025-02-05,0.006695656730303675,0.004054630172086959
2025-02-06,0.001241472368181396,0.0034755260562466805
2025-02-07,-0.004688533342094978,-0.00915341167399053
2025-02-10,0.00963341470038726,0.00679112185040931
2025-02-11,-4.204673075538503e-06,0.0007605403387622722
2025-02-12,-0.0007381433409867318,-0.0032215870806715508
2025-02-13,0.010679963886422674,0.010557707545858053
2025-02-14,-0.005083191637869628,-4.9177000542743876e-05
2025-02-18,0.007763133338382823,0.002935694352940166
2025-02-19,-0.0015990775337964803,0.0023549182697049087
2025-02-20,-0.00015707966659456087,-0.004160245183842948
2025-02-21,-0.008449302448649859,-0.017104107472219576
2025-02-24,-0.0002915579994089174,-0.004550200038322072
2025-02-25,-0.0034140856668560954,-0.004973389781209536
2025-02-26,0.0012498994514092926,0.0005046933662289366
2025-02-27,-0.013682379070558344,-0.015961703745420164
2025-02-28,0.005006088292353482,0.015605382212460217
2025-03-03,-0.001777761790045049,-0.017519874656751977
2025-03-04,-0.0035427361445791376,-0.011836867689111297
2025-03-05,0.011354745281886753,0.01074783944631319
2025-03-06,-0.010056496090945066,-0.017751049865853852
2025-03-07,0.003999448798165733,0.005604883768933533
2025-03-10,-0.017312951092611925,-0.026635616396763706
2025-03-11,-0.0005764563092628067,-0.008312890253464378
2025-03-12,0.005268256708401386,0.005306488707383705
2025-03-13,-0.001562096000839301,-0.013330436397132828
2025-03-14,0.012423185697490888,0.020655678294795976
2025-03-17,0.008127679155762124,0.007711338051088479
2025-03-18,-0.00027253948218632865,-0.010808271237968237
2025-03-19,0.007069669703144543,0.010890735814167662
2025-03-20,-0.0027707760478739235,-0.0028916994350642877
2025-03-21,-0.004053599974379629,0.00032978107742831497
2025-03-24,0.005888574832123379,0.017908599587123986
2025-03-25,0.003795364940195604,0.0024038218103012987
2025-03-26,-0.00750031575809989,-0.011938227951143299
2025-03-27,0.0031412518793900784,-0.0026557364035620923
2025-03-28,-0.0073213587721492005,-0.02013821119951087
2025-03-31,0.005472899369678545,0.006712575963374379
2025-04-01,0.0021166070978274995,0.0028245546653784537
2025-04-02,0.004426993332573034,0.006328407797108637
2025-04-03,-0.023312418799784154,-0.04928080111257338
2025-04-04,-0.044242766702197615,-0.05854299191935497
2025-04-07,-0.014633560735439166,-0.001781188036316439
2025-04-08,-0.006394416770952947,-0.015662694480332084
2025-04-09,0.06586845830541282,0.10501931029988376
2025-04-10,-0.012874672876902757,-0.043819175436386915
2025-04-11,0.019688664883034952,0.017843012671827196
2025-04-14,0.005627766135932595,0.009701275499052864
2025-04-15,0.0028501271543539632,-0.0028007930484751364
2025-04-16,0.0036719799393859906,-0.022228078917037264
2025-04-17,0.0018315793714421403,0.001426834980557068
2025-04-21,-0.00044250166068771427,-0.023802706876495994
2025-04-22,0.009616673721615374,0.026017638830871492
2025-04-23,-0.0011815426702863037,0.015495482862588172
2025-04-24,0.015368519204521418,0.021049031939352147
2025-04-25,-8.53878334352823e-05,0.007225196974740999
2025-04-28,0.006918605207757222,0.0003813846844893387
2025-04-29,-0.00021358266704870656,0.00629950184570105
2025-04-30,-0.0024106225857332114,0.0003968301496182214
2025-05-01,-0.005628883828519691,0.007086869455219302
2025-05-02,0.006374471109887048,0.014844135062923147
2025-05-05,0.00702989071497057,-0.005734215623797945
2025-05-06,0.006362365610112503,-0.008358434880938792
2025-05-07,-0.003305696027687577,0.0042055278398072105
2025-05-08,-0.005659237698714667,0.006967762769442221
2025-05-09,0.002744476899941728,-0.0012742213996533858
2025-05-12,0.001288885272063993,0.03304743240184749
2025-05-13,0.0031683506358588997,0.006603967936496424
2025-05-14,-0.007353904187194549,0.001277977194741764
2025-05-15,0.009252123934924661,0.004884495922575338
2025-05-16,-0.0012458373956146277,0.00633383485730743
2025-05-19,0.005436314268937234,0.00109392355960658
2025-05-20,0.004787597360709651,-0.0033621536685725095
2025-05-21,-0.005372264912376993,-0.016850776377142163
2025-05-22,-0.0018648378584948814,0.00039481478015357396
2025-05-23,0.005090085990359043,-0.006826063190331411
2025-05-27,0.004356093472800156,0.020790687173460887
2025-05-28,-0.004500906871057532,-0.005785241989116896
2025-05-29,0.004539424667723226,0.003947229984959
2025-05-30,-0.0014649342958574071,-0.0011183997140910007
2025-06-02,0.010467357707628385,0.005632814994124713
2025-06-03,-0.0021874278317555824,0.005702662493566324
2025-06-04,0.0040293704979723925,-0.00026840880475809126
2025-06-05,-0.0037233385972221334,-0.004832859811978785
2025-06-06,-0.001779782840334511,0.010269136655568278
2025-06-09,0.00199219208539167,0.0009012274927651109
2025-06-10,0.0025642445451554636,0.005669719096736081
2025-06-11,0.0014173601079127815,-0.002852179933632848
2025-06-12,0.006947614292798364,0.003974480633511801
2025-06-13,-0.002138490791917211,-0.011180161039573089
2025-06-16,-0.0014339531319099322,0.009514135737877183
2025-06-17,-0.003316409674511577,-0.008545069228206748
2025-06-18,-0.001234679781879925,-0.00015071283193213159
2025-06-20,-0.0018372240135972723,-0.0023484743260242524
2025-06-23,0.0054612141755423105,0.009877485633581262
2025-06-24,0.001354475033032934,0.011047288788758935
2025-06-25,0.00029405156051461376,0.0005602832019022674
2025-06-26,0.004285461479634989,0.007823809706009044
2025-06-27,-0.0034261907963850664,0.004968423368417296
2025-06-30,0.006163606076459561,0.004781179045590278
2025-07-01,0.0021061586537576642,-0.00032371422840771213
2025-07-02,0.0031069556409143557,0.00453326539694765
2025-07-03,-0.00018003590605655036,0.007881400596555066
2025-07-07,-0.004446056794364998,-0.007451972313080035
2025-07-08,-0.0023820932178019675,-0.0005477358229449836
2025-07-09,0.0052760402330779615,0.005996655722609434
2025-07-10,0.0013414740639504537,0.002820258833445388
2025-07-11,-0.0005929677416379384,-0.003515407966312445
2025-07-14,-0.0005507302309175103,0.0019081842457637777
2025-07-15,-0.004755273397458964,-0.004273212129386361
2025-07-16,0.003442144416332817,0.003343172716913534
2025-07-17,0.001652645689743572,0.006119737970898376
2025-07-18,0.0006472415305095598,-0.0007325309054914131
2025-07-21,0.006638016908876648,0.001896242085214661
2025-07-22,0.004159769041522892,0.00014309687813329752
2025-07-23,0.0017088653882351575,0.008507575523324373
2025-07-24,-0.0029291253891127553,0.0003309314435020472
2025-07-25,-0.0012516346897596454,0.004224338938452643
2025-07-28,-0.0046007998635583525,-0.0002509720234292745
2025-07-29,0.0011592213915715514,-0.0026376615400439674
2025-07-30,-0.0072982114019361985,-0.0012592729065871167
2025-07-31,-0.0004938506734369823,-0.0037512612606697138
2025-08-01,0.002222345335159488,-0.01639041763298399
2025-08-04,0.009156900493265608,0.015199764902187995
2025-08-05,-0.0012429139773249532,-0.005069926354160703
2025-08-06,0.0029097482606800524,0.007659660089948561
2025-08-07,0.00394035705828204,-0.0008376365002913388
2025-08-08,0.003133378525413091,0.007797653080793943
2025-08-11,-0.005617246031144022,-0.001977501438414686
2025-08-12,0.00539642421776226,0.010645981114110414
2025-08-13,0.0038824019603992633,0.0034230359146387723
2025-08-14,-0.002408187421150754,9.320458593364833e-05
2025-08-15,0.00036729013471068265,-0.00234129301324959
2025-08-18,-0.0009729342045359784,-0.00021771286337413098
2025-08-19,-0.0028677673165217396,-0.005425100727917798
2025-08-20,0.0030846888858209872,-0.0026569852220597046
2025-08-21,-0.003973566984372555,-0.004011905461627774
2025-08-22,0.011960042729159164,0.015356735724509685
2025-08-25,-0.005014048648588518,-0.0044009249977428055
2025-08-26,0.0034534706742455077,0.004186873610447339
2025-08-27,0.0010032447913236981,0.0022785479061515623
2025-08-28,0.004277305306322279,0.003541420566702813
2025-08-29,-0.0003401647633940754,-0.005963734982002866
2025-09-02,0.0023537585877571156,-0.00741025252890104
2025-09-03,0.005007613810060015,0.00541954647703502
2025-09-04,0.0034508157367991385,0.008357417667610223
2025-09-05,0.004975200812276303,-0.002896194104298755
2025-09-08,0.006853646682074267,0.0024565764837258808
2025-09-09,-0.0010577613480136448,0.0023118853339954004
2025-09-10,0.0022952326593408323,0.002890900133608598
2025-09-11,0.0045671510378969375,0.008310195512958973
2025-09-12,-0.0004880260857553241,-0.00033472516723431767
2025-09-15,0.0064025916054749185,0.0053239634210136
2025-09-16,-0.00029503607289679275,-0.0013767910006865502
2025-09-17,-0.003799327013312397,-0.0012424568220958943
2025-09-18,0.0004337107539337453,0.004672592104343343
2025-09-19,0.0038872657633757792,0.00495277543553474
2025-09-22,0.007028035444462821,0.004731142361783958
2025-09-23,-0.0004822318988584617,-0.005443562899879684
2025-09-24,-0.0052215970848006514,-0.003181663566298565
2025-09-25,-0.001854023999899172,-0.004613468563145817
2025-09-26,0.005152566365015721,0.005729128054435817
2025-09-29,0.006953973710584639,0.00281035425499665
2025-09-30,0.004499709800552374,0.0037668345214536547
2025-10-01,0.0036686778079583256,0.003407478673922215
2025-10-02,-0.00015982214463066687,0.001151825039126475
2025-10-03,0.0038851439270859516,-1.4804411761271119e-05
2025-10-06,0.006764290131158479,0.003586271929402862
2025-10-07,-0.0009918523350059473,-0.0037075147028000632
2025-10-08,0.007356046651122327,0.005963056242980214
2025-10-09,-0.008308388564385458,-0.002896974781700812
2025-10-10,-0.007996814044536565,-0.027027862469250152
2025-10-13,0.013891581036045434,0.01534411796852675
2025-10-14,0.0030045378430768755,-0.0012216467033560052
2025-10-15,0.007428627892826865,0.004439530642626366
2025-10-16,0.00673607320726086,-0.006810319822526223
2025-10-17,-0.0038508486727640776,0.005676392098235894
2025-10-20,0.01604430482031686,0.010400501101445636
2025-10-21,-0.020577142943035795,-1.4943283607404823e-05
2025-10-22,-0.0018470063428180656,-0.005198916499169481
2025-10-23,0.0035716361796059646,0.005929962353664386
2025-10-24,0.0019614329310335228,0.008172555819368377
2025-10-27,-0.0032698167532366606,0.01179766388206227
2025-10-28,-0.0013205218107445239,0.002656016444690712
2025-10-29,-0.0030712530701791437,0.0004803698417059632
2025-10-30,0.0013267722947360346,-0.01099809649071859
2025-10-31,-0.0012119527788213523,0.0032800394778140785
2025-11-03,0.0007028663825494087,0.0018768313305592699
2025-11-04,-0.009961661014799648,-0.011853548438209738
2025-11-05,0.004428268785289566,0.0034653855824713364
2025-11-06,-0.002867576585672537,-0.010729363703411599
2025-11-07,0.002157945197329414,0.0009845650552426921
2025-11-10,0.014055003683894451,0.015604278376472491
2025-11-11,0.0032883703840376442,0.002289267285291663
2025-11-12,0.00527885150044718,0.0005564817621372953
2025-11-13,-0.009400989683680422,-0.01659399613109458
2025-11-14,-0.005991088930567279,-0.00016373151089899007
2025-11-17,-0.007435391967913269,-0.009316439550718703
2025-11-18,-0.0011854040133347952,-0.00839755276882126
2025-11-19,0.001329112337874026,0.003863177049023836
2025-11-20,-0.005681274316629107,-0.015242227655234086
2025-11-21,0.004256562255048994,0.009961232111271423
2025-11-24,0.010181564256993236,0.014718418403812272
2025-11-25,0.004114626601247388,0.009406021988519475
2025-11-26,0.0059174679108580635,0.006903490465360651
2025-11-28,0.005221606532314899,0.005458433642790306
2025-12-01,-0.0015699373645997308,-0.004565559784474704
2025-12-02,-0.0007509781143626115,0.0018523677120922954
2025-12-03,0.001708123628069804,0.0034627488245995153
2025-12-04,-0.0001307196632173382,0.0007310489030021294
2025-12-05,-3.790704392410502e-05,0.0018994853751461704
2025-12-08,-0.0024541659472759494,-0.0030042094223134974
2025-12-09,0.0008660341197807757,-0.0008631179794499344
2025-12-10,0.005343310004969253,0.006632235422618482
2025-12-11,0.004218964821223884,0.00232694604345407
2025-12-12,-0.0032194877384545306,-0.01075198619487261
2025-12-15,0.000423814916965767,-0.0015108980230249536
2025-12-16,-0.0007017469995792959,-0.00273228584388141
2025-12-17,-0.0015937325884329717,-0.011003593434152137
2025-12-18,0.003331316758021511,0.007551262290367955
2025-12-19,0.0033973920160766946,0.009063506899290585
2025-12-22,0.009022709352905696,0.006229893512379681
2025-12-23,0.005942592048271381,0.004570401868792651
2025-12-24,0.0006274489250527772,0.0035176750367069687
2025-12-26,0.0038794748611637045,-0.00010140950046311215
2025-12-29,-0.014052791447163494,-0.0035636542567082374
2025-12-30,-2.1408507779847625e-05,-0.0012211240378149357
2025-12-31,-0.005268142342453347,-0.007408941105812694
