ticker,asset_class,month,monthly_return,rolling_12m_average_return,absolute_move_rank
EWC,Canadian equities,2018-02,-0.06994645063321214,-0.06994645063321214,1
EEM,Emerging-market equities,2018-02,-0.058984908338476694,-0.058984908338476694,2
EFA,Developed international equities,2018-02,-0.04834777368438614,-0.04834777368438614,3
SPY,US equities,2018-02,-0.03636054801114541,-0.03636054801114541,4
GLD,Gold,2018-02,-0.020759905667686596,-0.020759905667686596,5
AGG,US aggregate bonds,2018-02,-0.010087154792401187,-0.010087154792401187,6
SPY,US equities,2018-03,-0.02741042932185167,-0.03188548866649854,1
EFA,Developed international equities,2018-03,-0.008396230822467654,-0.028372002253426898,2
EWC,Canadian equities,2018-03,-0.008276230245657601,-0.03911134043943487,3
AGG,US aggregate bonds,2018-03,0.006711836261937831,-0.001687659265231678,4
GLD,Gold,2018-03,0.006320008000000099,-0.007219948833843248,5
EEM,Emerging-market equities,2018-03,0.005414348373826705,-0.026785279982324994,6
EEM,Emerging-market equities,2018-04,-0.028168972535473125,-0.02724651083337437,1
EWC,Canadian equities,2018-04,0.020682191988411924,-0.01918016296348594,2
EFA,Developed international equities,2018-04,0.015212351189909601,-0.013843884438981399,3
GLD,Gold,2018-04,-0.009539748711823282,-0.007993215459836592,4
AGG,US aggregate bonds,2018-04,-0.009410985143494588,-0.004262101224652648,5
SPY,US equities,2018-04,0.005168218050543905,-0.01953425309415106,6
EEM,Emerging-market equities,2018-05,-0.026214834450401403,-0.02698859173763113,1
SPY,US equities,2018-05,0.0243090748180137,-0.00857342111610987,2
EWC,Canadian equities,2018-05,0.021684849087125535,-0.008963909950833071,3
EFA,Developed international equities,2018-05,-0.018942654417309357,-0.015118576933563388,4
GLD,Gold,2018-05,-0.011959210593441183,-0.00898471424323774,5
AGG,US aggregate bonds,2018-05,0.006619121181997922,-0.0015417956229900054,6
EEM,Emerging-market equities,2018-06,-0.04545682692199993,-0.030682238774504888,1
GLD,Gold,2018-06,-0.03614944006741572,-0.014417659408073335,2
EFA,Developed international equities,2018-06,-0.01584088925074556,-0.015263039396999823,3
SPY,US equities,2018-06,0.005751089180069169,-0.0057085190568740615,4
AGG,US aggregate bonds,2018-06,0.0010259076727823224,-0.0010282549638355397,5
EWC,Canadian equities,2018-06,-0.0002320868420578881,-0.0072175453290780345,6
SPY,US equities,2018-07,0.03704623024354392,0.001417272493195602,1
EEM,Emerging-market equities,2018-07,0.03531037883158428,-0.019683469173490026,2
EFA,Developed international equities,2018-07,0.02852014366593969,-0.007965842219843236,3
EWC,Canadian equities,2018-07,0.02455283442655576,-0.0019224820364724022,4
GLD,Gold,2018-07,-0.022418912390747336,-0.015751201571852336,5
AGG,US aggregate bonds,2018-07,-0.00029203099107810715,-0.0009055509683759677,6
EEM,Emerging-market equities,2018-08,-0.03767270711648807,-0.022253360308204035,1
SPY,US equities,2018-08,0.031920259760091385,0.005774842102752142,2
EFA,Developed international equities,2018-08,-0.02235772593593799,-0.010021825607856773,3
GLD,Gold,2018-08,-0.0213811194306599,-0.01655547555168199,4
EWC,Canadian equities,2018-08,-0.01403642742265443,-0.003653045663069835,5
AGG,US aggregate bonds,2018-08,0.005680086931248107,3.5254445856042995e-05,6
EFA,Developed international equities,2018-09,0.009652662895069053,-0.007562514544991045,1
GLD,Gold,2018-09,-0.006607347253857032,-0.015311959514453868,2
AGG,US aggregate bonds,2018-09,-0.00619740130941604,-0.0007438275235529673,3
SPY,US equities,2018-09,0.0059455049908150315,0.0057961749637600035,4
EEM,Emerging-market equities,2018-09,-0.005791319928391658,-0.020195605260727487,5
EWC,Canadian equities,2018-09,-0.0006942579807105442,-0.0032831972027749234,6
EEM,Emerging-market equities,2018-10,-0.08760495116097511,-0.02768553258297722,1
EFA,Developed international equities,2018-10,-0.08133567186354218,-0.01575953202483006,2
EWC,Canadian equities,2018-10,-0.07887442613101814,-0.011682222639246391,3
SPY,US equities,2018-10,-0.06910434200910709,-0.0025261046998918957,4
GLD,Gold,2018-10,0.021195459006820627,-0.011255579678756702,5
AGG,US aggregate bonds,2018-10,-0.006440753060340532,-0.0013768192498626968,6
EEM,Emerging-market equities,2018-11,0.049029999818411385,-0.020013979342838363,1
SPY,US equities,2018-11,0.018549514998456917,-0.00041854273005701435,2
AGG,US aggregate bonds,2018-11,0.007715685356226576,-0.00046756878925376946,3
EFA,Developed international equities,2018-11,0.0049633660859103035,-0.013687242213756024,4
EWC,Canadian equities,2018-11,0.004903810152467214,-0.010023619360075032,5
GLD,Gold,2018-11,0.003386877926411236,-0.009791333918239909,6
SPY,US equities,2018-12,-0.0880489683765413,-0.008384945061555587,1
EWC,Canadian equities,2018-12,-0.08555599007286863,-0.01689019851578354,2
EFA,Developed international equities,2018-12,-0.05349768227492846,-0.017306373128408062,3
GLD,Gold,2018-12,0.04942010516340556,-0.0044084758199085024,4
EEM,Emerging-market equities,2018-12,-0.034889022115710766,-0.021366255958554035,5
AGG,US aggregate bonds,2018-12,0.019811766938690356,0.0013760071860138784,6
EWC,Canadian equities,2019-01,0.12896496137635016,-0.004735601858105731,1
EEM,Emerging-market equities,2019-01,0.10343050786760477,-0.010966525639707467,2
SPY,US equities,2019-01,0.08006571123549122,-0.0010140570368016855,3
EFA,Developed international equities,2019-01,0.06634911366480134,-0.01033508256230728,4
GLD,Gold,2019-01,0.028865979381443196,-0.001635604553129194,5
AGG,US aggregate bonds,2019-01,0.00910864183015736,0.0020203934063591686,6
SPY,US equities,2019-02,0.03241563688384175,0.004717291704447245,1
EWC,Canadian equities,2019-02,0.029574936126679496,0.0035578470385519054,2
EFA,Developed international equities,2019-02,0.025366693740601853,-0.004192210276891613,3
EEM,Emerging-market equities,2019-02,-0.015313253766344181,-0.007327221092029758,4
GLD,Gold,2019-02,-0.006092200400801606,-0.0004132957808887783,5
AGG,US aggregate bonds,2019-02,-0.001137701275489622,0.0027661811994351324,6
AGG,US aggregate bonds,2019-03,0.021226057816064126,0.00397569966227899,1
SPY,US equities,2019-03,0.018101116166116427,0.008509920495111253,2
GLD,Gold,2019-03,-0.015968997757383585,-0.0022707129273374185,3
EEM,Emerging-market equities,2019-03,0.011310035500514903,-0.006835913831472408,4
EFA,Developed international equities,2019-03,0.009180253123575177,-0.002727503281388044,5
EWC,Canadian equities,2019-03,-0.007540574378144704,0.00361915169417798,6
SPY,US equities,2019-04,0.04085221348024959,0.01148358678092006,1
EWC,Canadian equities,2019-04,0.03292335897971421,0.004639248943453171,2
EFA,Developed international equities,2019-04,0.029293903715346348,-0.0015540405709349818,3
EEM,Emerging-market equities,2019-04,0.023532434431332794,-0.0025274632509052486,4
GLD,Gold,2019-04,-0.006638840969775628,-0.002028970615500114,5
AGG,US aggregate bonds,2019-04,-0.0020036637135026902,0.004592976448111648,6
EEM,Emerging-market equities,2019-05,-0.07329835751075187,-0.0064510901726011205,1
SPY,US equities,2019-05,-0.06377136293465635,0.004143550301530889,2
EFA,Developed international equities,2019-05,-0.05032955119633786,-0.004169615302520691,3
EWC,Canadian equities,2019-05,-0.042732024691685244,-0.0007288238714477276,4
AGG,US aggregate bonds,2019-05,0.019108256367118104,0.00563373771353833,5
GLD,Gold,2019-05,0.01757429911487529,0.0004321551935262587,6
GLD,Gold,2019-06,0.08002914813866613,0.010113704210699745,1
SPY,US equities,2019-06,0.06958640736323862,0.009463160150128344,2
EEM,Emerging-market equities,2019-06,0.06207723246087404,0.002510081442638377,3
EFA,Developed international equities,2019-06,0.0591164324442095,0.0020768281720588977,4
EWC,Canadian equities,2019-06,0.05674268680655725,0.004019073932603534,5
AGG,US aggregate bonds,2019-06,0.010986450360360722,0.006463782937503197,6
EEM,Emerging-market equities,2019-07,-0.026567228924669672,-0.0026463858703827856,1
EFA,Developed international equities,2019-07,-0.019473598028942996,-0.0019226503025146595,2
SPY,US equities,2019-07,0.015119618866398454,0.007635942535366221,3
EWC,Canadian equities,2019-07,-0.008036475426252965,0.0013032981115361404,4
AGG,US aggregate bonds,2019-07,0.001817879590265914,0.006639608819281865,5
GLD,Gold,2019-07,7.51501518427844e-05,0.011988209422582255,6
GLD,Gold,2019-08,0.07912313224336076,0.020363563728750644,1
EEM,Emerging-market equities,2019-08,-0.037826279038701394,-0.0026591835305672293,2
AGG,US aggregate bonds,2019-08,0.027827586431583118,0.008485233777643117,3
EFA,Developed international equities,2019-08,-0.019239797970758143,-0.0016628229720830057,4
SPY,US equities,2019-08,-0.016743682394918857,0.0035806140224487006,5
EWC,Canadian equities,2019-08,-0.007044842943483398,0.0018859301514670597,6
GLD,Gold,2019-09,-0.03394786086956525,0.018085187594108293,1
EFA,Developed international equities,2019-09,0.03164057987084723,0.00016950344256517572,2
EWC,Canadian equities,2019-09,0.025186462590878644,0.004042656865766159,3
SPY,US equities,2019-09,0.019458076458725992,0.004706661644774614,4
EEM,Emerging-market equities,2019-09,0.01691961837117839,-0.0007666053389363917,5
AGG,US aggregate bonds,2019-09,-0.006121233577162544,0.00849158108866424,6
EEM,Emerging-market equities,2019-10,0.04184010609906075,0.010020482766066596,1
EFA,Developed international equities,2019-10,0.03389052301304862,0.009771686348947742,2
GLD,Gold,2019-10,0.025635472947197924,0.0184551887558064,3
SPY,US equities,2019-10,0.022104795044625147,0.012307423065918968,4
EWC,Canadian equities,2019-10,-0.004152288905060586,0.010269501634595954,5
AGG,US aggregate bonds,2019-10,0.0020813606484011427,0.00920175723105938,6
SPY,US equities,2019-11,0.036198262040125107,0.013778151986057982,1
GLD,Gold,2019-11,-0.032085882360465945,0.015499125398566635,2
EWC,Canadian equities,2019-11,0.029534342313023654,0.012322045981308991,3
EFA,Developed international equities,2019-11,0.011272686957086497,0.010297463088212425,4
EEM,Emerging-market equities,2019-11,-0.0009393814131402056,0.005856367663437297,5
AGG,US aggregate bonds,2019-11,-0.00034562450872621664,0.00852998140897998,6
EEM,Emerging-market equities,2019-12,0.07730268312099087,0.015205676433162433,1
GLD,Gold,2019-12,0.03655877675497754,0.014427348031197634,2
EFA,Developed international equities,2019-12,0.029953875191486734,0.017251759543747025,3
SPY,US equities,2019-12,0.029055059075968614,0.02353682094043381,4
EWC,Canadian equities,2019-12,0.022346325440943282,0.021313905607459983,5
AGG,US aggregate bonds,2019-12,-0.00046752498296165346,0.00684004041550898,6
EEM,Emerging-market equities,2020-01,-0.061511023379886454,0.0014605488292048312,1
GLD,Gold,2020-01,0.04499655892217902,0.01577156299292562,2
EFA,Developed international equities,2020-01,-0.02822577745197785,0.009370518617348758,3
AGG,US aggregate bonds,2020-01,0.02029028180476078,0.007771843746725932,4
EWC,Canadian equities,2020-01,-0.00736019262480625,0.009953476107363616,5
SPY,US equities,2020-01,-0.0004038052415781257,0.01683102790067803,6
SPY,US equities,2020-02,-0.07916537064596285,0.007532610606527647,1
EFA,Developed international equities,2020-02,-0.07765260937274765,0.0007855766912363005,2
EWC,Canadian equities,2020-02,-0.07010431963708019,0.001646871460383642,3
EEM,Emerging-market equities,2020-02,-0.037758076856455935,-0.00040985309497114836,4
AGG,US aggregate bonds,2020-02,0.015846813826116524,0.009187220005193111,5
GLD,Gold,2020-02,-0.006361728971248537,0.01574910227872171,6
EWC,Canadian equities,2020-03,-0.20804637512723512,-0.015061945268707225,1
EEM,Emerging-market equities,2020-03,-0.1576999217201187,-0.014494016196690615,2
EFA,Developed international equities,2020-03,-0.14106678336105416,-0.011735009682482811,3
SPY,US equities,2020-03,-0.12487138200790937,-0.0043817642413078355,4
AGG,US aggregate bonds,2020-03,-0.005268167661616419,0.006979367882053065,5
GLD,Gold,2020-03,-0.00222403281358563,0.016894516024038204,6
SPY,US equities,2020-04,0.12698317645292767,0.002795816006415338,1
EWC,Canadian equities,2020-04,0.11121255925471485,-0.008537845245790507,2
EEM,Emerging-market equities,2020-04,0.07354236406680137,-0.010326522060401569,3
GLD,Gold,2020-04,0.07261060305415867,0.023498636359366065,4
EFA,Developed international equities,2020-04,0.058174155071317735,-0.009328322069485195,5
AGG,US aggregate bonds,2020-04,0.017190828523810486,0.008578908901829163,6
EFA,Developed international equities,2020-05,0.05426918838174255,-0.0006117604379784943,1
SPY,US equities,2020-05,0.04764550105105947,0.012080554671891655,2
EWC,Canadian equities,2020-05,0.0354199837918836,-0.002025177872159769,3
EEM,Emerging-market equities,2020-05,0.029748636848476062,-0.0017392725304659074,4
GLD,Gold,2020-05,0.025881617898961817,0.02419091292470661,5
AGG,US aggregate bonds,2020-05,0.006725261981141983,0.0075469927029978194,6
EEM,Emerging-market equities,2020-06,0.06604919330854164,-0.001408275793160274,1
EWC,Canadian equities,2020-06,0.039882755959245175,-0.003430172109435775,2
EFA,Developed international equities,2020-06,0.035112013222669214,-0.0026121287064401846,3
GLD,Gold,2020-06,0.027377023451549354,0.019803235867446877,4
SPY,US equities,2020-06,0.017734174297295846,0.007759535249729758,5
AGG,US aggregate bonds,2020-06,0.006590838538584443,0.007180691717849796,6
GLD,Gold,2020-07,0.10790463368299674,0.028789026161709707,1
EEM,Emerging-market equities,2020-07,0.08252063780112495,0.007682379767322611,2
SPY,US equities,2020-07,0.058892811891068986,0.011407301335118969,3
EWC,Canadian equities,2020-07,0.05525495879453812,0.0018441140756301488,4
EFA,Developed international equities,2020-07,0.019385323190545423,0.0006261147285171834,5
AGG,US aggregate bonds,2020-07,0.013331943982741512,0.00814019708388943,6
SPY,US equities,2020-08,0.06979634579611305,0.018618970351038294,1
EWC,Canadian equities,2020-08,0.051263327980559215,0.006703128319300367,2
EFA,Developed international equities,2020-08,0.04722026809399282,0.006164453567246431,3
EEM,Emerging-market equities,2020-08,0.02887499099974966,0.013240818937193533,4
AGG,US aggregate bonds,2020-08,-0.008235994405931812,0.005134898680763185,5
GLD,Gold,2020-08,-0.003235673961331509,0.021925792311318682,6
EWC,Canadian equities,2020-09,-0.045280533963529934,0.0008308786064329851,1
GLD,Gold,2020-09,-0.04171404488758279,0.02127861030981722,2
SPY,US equities,2020-09,-0.03744393858891104,0.013877135763735208,3
EFA,Developed international equities,2020-09,-0.02046794936445595,0.0018220761309711657,4
EEM,Emerging-market equities,2020-09,-0.010103110298179119,0.01098892488141374,5
AGG,US aggregate bonds,2020-09,-0.0009730816891427851,0.005563911338098165,6
EFA,Developed international equities,2020-10,-0.03550678079059655,-0.003961032519332598,1
EWC,Canadian equities,2020-10,-0.03429394922837958,-0.0016809264205102648,2
SPY,US equities,2020-10,-0.02493312107006118,0.009957309420844681,3
EEM,Emerging-market equities,2020-10,0.014061862711181927,0.008674071265757172,4
AGG,US aggregate bonds,2020-10,-0.0055828011646580356,0.0049252311870099,5
GLD,Gold,2020-10,-0.005194207463702694,0.018709470275575502,6
EWC,Canadian equities,2020-11,0.1439364175358684,0.00785257984806013,1
EFA,Developed international equities,2020-11,0.14269443720560093,0.006990780001376938,2
SPY,US equities,2020-11,0.10877681212468371,0.01600552192789123,3
EEM,Emerging-market equities,2020-11,0.08991289044730588,0.016245093920794346,4
GLD,Gold,2020-11,-0.054086260852774015,0.016876105401216496,5
AGG,US aggregate bonds,2020-11,0.012067413809420557,0.005959651046855465,6
EEM,Emerging-market equities,2020-12,0.07129456551507296,0.01574441745363452,1
GLD,Gold,2020-12,0.07013861606934202,0.019674425344080204,2
EFA,Developed international equities,2020-12,0.050154087693105254,0.008674131043178481,3
SPY,US equities,2020-12,0.03704809069769022,0.01667160789636803,4
EWC,Canadian equities,2020-12,0.031124980252819068,0.008584134415716446,5
AGG,US aggregate bonds,2020-12,0.0008572646340370138,0.006070050181605354,6
GLD,Gold,2021-01,-0.03223816981252425,0.013238197949521599,1
EEM,Emerging-market equities,2021-01,0.03173979912182068,0.02351531932877678,2
SPY,US equities,2021-01,-0.01019045376956429,0.015856053852369184,3
EFA,Developed international equities,2021-01,-0.007812468616839374,0.010375240112773354,4
EWC,Canadian equities,2021-01,-0.007782149605712774,0.008548971333974234,5
AGG,US aggregate bonds,2021-01,-0.007445609523402341,0.0037587259042584273,6
GLD,Gold,2021-02,-0.06256881372707945,0.008554274219869021,1
EWC,Canadian equities,2021-02,0.05130697045454169,0.018666578841609393,2
SPY,US equities,2021-02,0.027805799814034193,0.02477031805736894,3
EFA,Developed international equities,2021-02,0.022378467554658554,0.018711163190057205,4
AGG,US aggregate bonds,2021-02,-0.015181147797941996,0.001173062435586884,5
EEM,Emerging-market equities,2021-02,0.007878578481122833,0.02731837394024168,6
EWC,Canadian equities,2021-03,0.05843965928788708,0.04087374837620291,1
SPY,US equities,2021-03,0.04539943091256626,0.03895955246740857,2
EFA,Developed international equities,2021-03,0.025131998484918316,0.03256106167722158,3
AGG,US aggregate bonds,2021-03,-0.011463095067117846,0.0006568184851284317,4
GLD,Gold,2021-03,-0.011433106871430843,0.007786851381715254,5
EEM,Emerging-market equities,2021-03,-0.007258621632860063,0.039855148947513235,6
SPY,US equities,2021-04,0.05291015025675261,0.032786800284393985,1
EWC,Canadian equities,2021-04,0.045814991967557006,0.03542395110227309,2
GLD,Gold,2021-04,0.035633888163058236,0.004705458474123551,3
EFA,Developed international equities,2021-04,0.0295241524024783,0.030173561454818292,4
EEM,Emerging-market equities,2021-04,0.011998574363063952,0.03472649980553511,5
AGG,US aggregate bonds,2021-04,0.0073197640418307675,-0.00016577022170321162,6
GLD,Gold,2021-05,0.0767837781773808,0.0089473051639918,1
EWC,Canadian equities,2021-05,0.06346529239527232,0.03776106015255548,2
EFA,Developed international equities,2021-05,0.03482252906834771,0.02855300651203539,3
EEM,Emerging-market equities,2021-05,0.016487563478418954,0.03362141035803035,4
SPY,US equities,2021-05,0.006566135066983447,0.029363519785720982,5
AGG,US aggregate bonds,2021-05,0.0020385707999270863,-0.0005563278201377864,6
GLD,Gold,2021-06,-0.07147662093629836,0.0007095014650044899,1
SPY,US equities,2021-06,0.022427373790590677,0.029754619743495553,2
EFA,Developed international equities,2021-06,-0.010780084744506091,0.02472866501477078,3
EWC,Canadian equities,2021-06,-0.009771801951651171,0.033623180326647455,4
EEM,Emerging-market equities,2021-06,0.009504021176713673,0.028909312680378024,5
AGG,US aggregate bonds,2021-06,0.008278983929537853,-0.0004156490375583355,6
EEM,Emerging-market equities,2021-07,-0.06436992702628785,0.016668432278093625,1
GLD,Gold,2021-07,0.02529736082541323,-0.006174437939794136,2
SPY,US equities,2021-07,0.024412581863442195,0.02688126724119332,3
AGG,US aggregate bonds,2021-07,0.011165950329321994,-0.0005961485086766286,4
EFA,Developed international equities,2021-07,0.007733425803336358,0.02375767356583669,5
EWC,Canadian equities,2021-07,0.001609708926227027,0.029152742837621527,6
SPY,US equities,2021-08,0.029759864791791824,0.023544893824166552,1
EEM,Emerging-market equities,2021-08,0.015697600651014776,0.01557031641569905,2
EFA,Developed international equities,2021-08,0.01446710378116478,0.021028243206434354,3
AGG,US aggregate bonds,2021-08,-0.0020037627102198474,-7.679586736729822e-05,4
GLD,Gold,2021-08,-0.0007655458405440019,-0.005968593929728511,5
EWC,Canadian equities,2021-08,0.0002678585924686949,0.024903120388613986,6
SPY,US equities,2021-09,-0.0466055536148583,0.022781425905337615,1
EEM,Emerging-market equities,2021-09,-0.03873297258024133,0.013184494558860532,2
EFA,Developed international equities,2021-09,-0.03261393480667829,0.020016077752915824,3
GLD,Gold,2021-09,-0.03223525803246796,-0.0051786950251356085,4
EWC,Canadian equities,2021-09,-0.027852144094271947,0.02635548621105215,5
AGG,US aggregate bonds,2021-09,-0.009172196258995347,-0.0007600554148550117,6
EWC,Canadian equities,2021-10,0.0793388606515415,0.03582488703437891,1
SPY,US equities,2021-10,0.07016362393168785,0.030706154655483365,2
EFA,Developed international equities,2021-10,0.031790739787068256,0.025624204467721224,3
GLD,Gold,2021-10,0.014797180521269215,-0.0035127460263879493,4
EEM,Emerging-market equities,2021-10,0.010718548000841377,0.012905884999665487,5
AGG,US aggregate bonds,2021-10,-8.730399104595055e-05,-0.0003020973170540046,6
EWC,Canadian equities,2021-11,-0.045941735371670345,0.020001707625417347,1
EFA,Developed international equities,2021-11,-0.045347352284136444,0.009954055343576443,2
EEM,Emerging-market equities,2021-11,-0.04084850253500327,0.0020091022511397236,3
SPY,US equities,2021-11,-0.008034776170907532,0.02097185563085076,4
GLD,Gold,2021-11,-0.006900654313854893,0.0004193878518553111,5
AGG,US aggregate bonds,2021-11,0.002708274446528769,-0.001082025597294987,6
SPY,US equities,2021-12,0.046247643098364266,0.0217384849975736,1
EFA,Developed international equities,2021-12,0.04390949510516906,0.009433672627915094,2
EWC,Canadian equities,2021-12,0.04117643195048637,0.020839328600222955,3
GLD,Gold,2021-12,0.03299097885196378,-0.0026762485829262086,4
EEM,Emerging-market equities,2021-12,0.015070894608541607,-0.002676203657737889,5
AGG,US aggregate bonds,2021-12,-0.0035871760199820413,-0.0014523956517965748,6
SPY,US equities,2022-01,-0.0527411843343224,0.01819259078384376,1
EFA,Developed international equities,2022-01,-0.0363497965868419,0.007055561963748218,2
AGG,US aggregate bonds,2022-01,-0.019986053715775443,-0.002497432667827667,3
GLD,Gold,2022-01,-0.01678761629905634,-0.0013887024568038826,4
EWC,Canadian equities,2022-01,-0.006245136904944104,0.020967412991953677,5
EEM,Emerging-market equities,2022-01,-0.00020474879727383488,-0.005338249317662432,6
GLD,Gold,2022-02,0.06121726006823147,0.00892680369280536,1
EEM,Emerging-market equities,2022-02,-0.043202175442548896,-0.009594978811301743,2
EFA,Developed international equities,2022-02,-0.03429165279016688,0.0023330519350127643,3
SPY,US equities,2022-02,-0.029517052742425554,0.01341568640413878,4
AGG,US aggregate bonds,2022-02,-0.011456126548538781,-0.0021870142303773987,5
EWC,Canadian equities,2022-02,0.0007855300952679389,0.016757292962014197,6
EWC,Canadian equities,2022-03,0.05206693989391131,0.016226233012516217,1
SPY,US equities,2022-03,0.037590462195419505,0.012764939011043216,2
EEM,Emerging-market equities,2022-03,-0.033811398113883784,-0.011807710184720386,3
AGG,US aggregate bonds,2022-03,-0.028122146723909447,-0.003575268535110032,4
GLD,Gold,2022-03,0.012725579865299208,0.010940027587532866,5
EFA,Developed international equities,2022-03,0.005189738483609485,0.000671196934903695,6
SPY,US equities,2022-04,-0.08776902644249918,0.0010416742861055668,1
EWC,Canadian equities,2022-04,-0.07858744523108252,0.005859363245962923,2
EFA,Developed international equities,2022-04,-0.06739141931511339,-0.0074051007082289455,3
EEM,Emerging-market equities,2022-04,-0.06135099644914899,-0.017920174419071466,4
AGG,US aggregate bonds,2022-04,-0.03805886828686533,-0.007356821229168041,5
GLD,Gold,2022-04,-0.020702962215431886,0.0062452900559920215,6
GLD,Gold,2022-05,-0.032615481711254724,-0.0028713149347276055,1
EWC,Canadian equities,2022-05,0.021052709457122898,0.002324981334450471,2
EFA,Developed international equities,2022-05,0.019959326899071206,-0.008643700889001987,3
AGG,US aggregate bonds,2022-05,0.007605800054168332,-0.00689288545798127,4
EEM,Emerging-market equities,2022-05,0.006134980394939982,-0.018782889676028047,5
SPY,US equities,2022-05,0.0022572113680126016,0.0006825973111913297,6
EWC,Canadian equities,2022-06,-0.10320819619444588,-0.0054613848524490876,1
EFA,Developed international equities,2022-06,-0.08766642387753976,-0.015050895816754792,2
SPY,US equities,2022-06,-0.08246056834605642,-0.008058064533529261,3
EEM,Emerging-market equities,2022-06,-0.051576703586670436,-0.023872950072976722,4
GLD,Gold,2022-06,-0.015659647164074086,0.0017800995462910845,5
AGG,US aggregate bonds,2022-06,-0.015530241467141326,-0.008876987574371201,6
SPY,US equities,2022-07,0.09208751105266999,-0.0024184871010936118,1
EFA,Developed international equities,2022-07,0.05168818626619842,-0.011387999111516287,2
EWC,Canadian equities,2022-07,0.0483965996805622,-0.0015624772895878232,3
GLD,Gold,2022-07,-0.025881519760354688,-0.0024848071691895754,4
AGG,US aggregate bonds,2022-07,0.025380851072040134,-0.007692412512478024,5
EEM,Emerging-market equities,2022-07,-0.0034913125784209464,-0.018799732202321146,6
EFA,Developed international equities,2022-08,-0.0611685068190716,-0.017690966661535985,1
EWC,Canadian equities,2022-08,-0.04587933629055352,-0.005408076863173007,2
SPY,US equities,2022-08,-0.04080200764680619,-0.008298643137643447,3
AGG,US aggregate bonds,2022-08,-0.03042267054879677,-0.010060654832359434,4
GLD,Gold,2022-08,-0.0294332835064004,-0.004873785308010942,5
EEM,Emerging-market equities,2022-08,-0.013263088640172116,-0.02121312297658672,6
EEM,Emerging-market equities,2022-09,-0.11539455854016523,-0.027601588473247046,1
SPY,US equities,2022-09,-0.09244577344949312,-0.012118661457196348,2
EFA,Developed international equities,2022-09,-0.09222055076189573,-0.022658184657804104,3
EWC,Canadian equities,2022-09,-0.08696940805429654,-0.01033451552650839,4
AGG,US aggregate bonds,2022-09,-0.04145048775412752,-0.01275051245695378,5
GLD,Gold,2022-09,-0.028881810036245126,-0.004594331308325705,6
SPY,US equities,2022-10,0.08127562876183969,-0.011192661054683695,1
EWC,Canadian equities,2022-10,0.07379693363471596,-0.01079634277791052,2
EFA,Developed international equities,2022-10,0.05891816952320417,-0.020397565513126114,3
EEM,Emerging-market equities,2022-10,-0.01978202750706537,-0.03014330309890594,4
GLD,Gold,2022-10,-0.017844404446168083,-0.00731446338894548,5
AGG,US aggregate bonds,2022-10,-0.012784408297221828,-0.013808604482468437,6
EEM,Emerging-market equities,2022-11,0.1558935229229299,-0.013748134310744842,1
EFA,Developed international equities,2022-11,0.13168093906453548,-0.005645207900736786,2
GLD,Gold,2022-11,0.08491866012984906,0.00033714614802984877,3
EWC,Canadian equities,2022-11,0.06539527656978739,-0.0015182584494557079,4
SPY,US equities,2022-11,0.05559133722251941,-0.005890484938564783,5
AGG,US aggregate bonds,2022-11,0.038084441925364976,-0.010860590525898753,6
SPY,US equities,2022-12,-0.057628247477658934,-0.014546809153233383,1
EWC,Canadian equities,2022-12,-0.056281776867965094,-0.00963977585099333,2
GLD,Gold,2022-12,0.029306480544948332,3.0104622445228008e-05,3
EEM,Emerging-market equities,2022-12,-0.026374851999762083,-0.017201946528103484,4
EFA,Developed international equities,2022-12,-0.018128930177373936,-0.010815076674282035,5
AGG,US aggregate bonds,2022-12,-0.008705035099981662,-0.011287078782565388,6
EWC,Canadian equities,2023-01,0.09471439129300108,-0.0012264818344978983,1
EEM,Emerging-market equities,2023-01,0.09129264365294287,-0.009577163823918758,2
EFA,Developed international equities,2023-01,0.09003656864914178,-0.00028287957128339536,3
SPY,US equities,2023-01,0.06288748070443306,-0.004911087066670428,4
GLD,Gold,2023-01,0.057592578740819356,0.006228454209101536,5
AGG,US aggregate bonds,2023-01,0.03330272324367578,-0.006846347369277787,6
EEM,Emerging-market equities,2023-02,-0.07567706229325866,-0.012283404394811237,1
GLD,Gold,2023-02,-0.05367596446851419,-0.0033459811689606025,2
EWC,Canadian equities,2023-02,-0.04967922504294142,-0.005431878096015345,3
EFA,Developed international equities,2023-02,-0.030747842900096467,1.2437919555805902e-05,4
AGG,US aggregate bonds,2023-02,-0.026656877772961662,-0.008113076637979694,5
SPY,US equities,2023-02,-0.025142652829794998,-0.004546553740617881,6
GLD,Gold,2023-03,0.07916127976888476,0.0021903271563381934,1
SPY,US equities,2023-03,0.037077857325626074,-0.004589270813100667,2
EEM,Emerging-market equities,2023-03,0.032173952189649135,-0.00678462520285016,3
EFA,Developed international equities,2023-03,0.031290602435887216,0.00218750991557895,4
AGG,US aggregate bonds,2023-03,0.026412307448277383,-0.0035685387902974577,5
EWC,Canadian equities,2023-03,0.0038178622808060503,-0.009452634563774117,6
EWC,Canadian equities,2023-04,0.02984217360746877,-0.0004168329938948427,1
EFA,Developed international equities,2023-04,0.02936253280579182,0.010250339258987717,2
SPY,US equities,2023-04,0.015974994864881742,0.004056064295847743,3
GLD,Gold,2023-04,0.008623523585724824,0.004634200973101253,4
EEM,Emerging-market equities,2023-04,-0.008363021137614335,-0.002368960593555606,5
AGG,US aggregate bonds,2023-04,0.005755253186947584,8.263799918695192e-05,6
EWC,Canadian equities,2023-05,-0.05511364962699117,-0.006764029584237681,1
EFA,Developed international equities,2023-05,-0.04007072328602501,0.005247835076896366,2
EEM,Emerging-market equities,2023-05,-0.024022472872378686,-0.004882081699165495,3
GLD,Gold,2023-05,-0.013419891557036379,0.006233833485952782,4
AGG,US aggregate bonds,2023-05,-0.011442997492425944,-0.001504761796362571,5
SPY,US equities,2023-05,0.004615970984472195,0.004252627597219376,6
SPY,US equities,2023-06,0.06480002442688493,0.016524343661631153,1
EWC,Canadian equities,2023-06,0.06266265122712977,0.007058541034226956,2
EFA,Developed international equities,2023-06,0.04470042264314489,0.016278405620286752,3
EEM,Emerging-market equities,2023-06,0.04398869219564405,0.0030817012826940457,4
GLD,Gold,2023-06,-0.02221370581671822,0.00568766193156577,5
AGG,US aggregate bonds,2023-06,-0.0036821001871533143,-0.0005174166896969035,6
EEM,Emerging-market equities,2023-07,0.060414373620948814,0.008407175132641526,1
SPY,US equities,2023-07,0.03273311228487974,0.0115781437643153,2
EWC,Canadian equities,2023-07,0.03115168413473035,0.005621464738740968,3
EFA,Developed international equities,2023-07,0.02703458422078886,0.01422393878316929,4
GLD,Gold,2023-07,0.022886643341299306,0.00975167552337027,5
AGG,US aggregate bonds,2023-07,-0.00015352312342009622,-0.002645281205985256,6
EEM,Emerging-market equities,2023-08,-0.06626931062862973,0.0039899899669367245,1
EFA,Developed international equities,2023-08,-0.039350066524950766,0.016042142141012693,2
EWC,Canadian equities,2023-08,-0.03852542579005502,0.00623429061378251,3
SPY,US equities,2023-08,-0.016251874194049276,0.01362398821871171,4
GLD,Gold,2023-08,-0.012777635993058367,0.011139646149482105,5
AGG,US aggregate bonds,2023-08,-0.006313308400011763,-0.0006361676935865054,6
GLD,Gold,2023-09,-0.047605859402158446,0.009579308702322662,1
SPY,US equities,2023-09,-0.04743460690572432,0.017374918764025776,2
EFA,Developed international equities,2023-09,-0.036488111557215985,0.020686512074736003,3
EWC,Canadian equities,2023-09,-0.03545708565694794,0.010526984146894893,4
EEM,Emerging-market equities,2023-09,-0.031146251661522517,0.011010682206823616,5
AGG,US aggregate bonds,2023-09,-0.025895877191017047,0.0006600498533393673,6
GLD,Gold,2023-10,0.07372411327601269,0.017210018512504394,1
EWC,Canadian equities,2023-10,-0.05140460349556808,9.352271937122329e-05,2
EEM,Emerging-market equities,2023-10,-0.03293809964582284,0.009914342861927161,3
EFA,Developed international equities,2023-10,-0.029019152122614078,0.013358401937584483,4
SPY,US equities,2023-10,-0.02170866213726763,0.0087928945224335,5
AGG,US aggregate bonds,2023-10,-0.015706531162274162,0.00041653961458500605,6
EWC,Canadian equities,2023-11,0.10207954483798787,0.003150545075054597,1
SPY,US equities,2023-11,0.0913439365481159,0.01177227779956654,2
EFA,Developed international equities,2023-11,0.08218755393364585,0.009233953176677015,3
EEM,Emerging-market equities,2023-11,0.07792926669334999,0.003417321509462168,4
AGG,US aggregate bonds,2023-11,0.04592898192335726,0.001070251281084363,5
GLD,Gold,2023-11,0.025313727531397046,0.012242940795966726,6
EWC,Canadian equities,2023-12,0.06270647262955742,0.013066232533181473,1
EFA,Developed international equities,2023-12,0.05351000173407594,0.015203864169297837,2
SPY,US equities,2023-12,0.04565539111605155,0.020379247682375746,3
AGG,US aggregate bonds,2023-12,0.03697642588647421,0.004877039696622352,4
EEM,Emerging-market equities,2023-12,0.035653253533577844,0.008586330303907161,5
GLD,Gold,2023-12,0.012821181456953656,0.01086916587196717,6
EEM,Emerging-market equities,2024-01,-0.045262519071716856,-0.0027932665898144824,1
SPY,US equities,2024-01,0.015926453516119876,0.016465828750016315,2
GLD,Gold,2024-01,-0.014228179256454254,0.004884102705527703,3
EWC,Canadian equities,2024-01,-0.008996626755834458,0.004423647695778511,4
EFA,Developed international equities,2024-01,-0.004512311233635935,0.007324790845733027,5
AGG,US aggregate bonds,2024-01,-0.0015109630007591468,0.0019758991762527747,6
SPY,US equities,2024-02,0.05218682518848383,0.022909951918206217,1
EEM,Emerging-market equities,2024-02,0.041677632239175866,0.006986291287888395,2
EFA,Developed international equities,2024-02,0.0298626491643188,0.0123756651844343,3
AGG,US aggregate bonds,2024-02,-0.014746101779345433,0.0029684638423874607,4
EWC,Canadian equities,2024-02,0.011554261108469355,0.009526438208396076,5
GLD,Gold,2024-02,0.004563550085914914,0.00973739558506346,6
GLD,Gold,2024-03,0.08668323476502282,0.010364225168074967,1
EWC,Canadian equities,2024-03,0.04106629188971911,0.012630474009138831,2
EFA,Developed international equities,2024-03,0.03378652901961865,0.01258365906641192,3
SPY,US equities,2024-03,0.032701897242568556,0.022545288577951423,4
EEM,Emerging-market equities,2024-03,0.027256782908446464,0.006576527181121505,5
AGG,US aggregate bonds,2024-03,0.009025137031653863,0.0015195329743355006,6
SPY,US equities,2024-04,-0.040319568388259786,0.017854074973522965,1
EWC,Canadian equities,2024-04,-0.035527821306816754,0.007182974432948371,2
EFA,Developed international equities,2024-04,-0.0324318503031068,0.007434127140670367,3
GLD,Gold,2024-04,0.02989497360541038,0.012136846003048762,4
AGG,US aggregate bonds,2024-04,-0.02478228086700085,-0.0010252615301602024,5
EEM,Emerging-market equities,2024-04,-0.0021908597446405054,0.007090873963869325,6
EFA,Developed international equities,2024-05,0.050601846096879566,0.01499017458924575,1
SPY,US equities,2024-05,0.05057959617714336,0.021684377072912226,2
EWC,Canadian equities,2024-05,0.03629472729063066,0.014800339176083524,3
EEM,Emerging-market equities,2024-05,0.01951704514187136,0.010719167131723495,4
AGG,US aggregate bonds,2024-05,0.016695377664272426,0.0013196030662313285,5
GLD,Gold,2024-05,0.016189210746901717,0.014604271195043603,6
SPY,US equities,2024-06,0.03528021480168175,0.01922439293747863,1
EEM,Emerging-market equities,2024-06,0.026180149669029484,0.009235121921172281,2
EWC,Canadian equities,2024-06,-0.021480791495189888,0.007788385615890218,3
EFA,Developed international equities,2024-06,-0.018267368585671684,0.009742858653511035,4
AGG,US aggregate bonds,2024-06,0.008855016531623239,0.002364362792796041,5
GLD,Gold,2024-06,-0.0013469948720808977,0.01634316377376338,6
GLD,Gold,2024-07,0.053671960691873855,0.01890860688631126,1
EWC,Canadian equities,2024-07,0.049339365975901606,0.009304025769321156,2
EFA,Developed international equities,2024-07,0.02591586217142705,0.009649631816064217,3
AGG,US aggregate bonds,2024-07,0.024191674930061247,0.0043931292972528195,4
SPY,US equities,2024-07,0.012109000117578761,0.01750571692353688,5
EEM,Emerging-market equities,2024-07,0.008452830314822801,0.004904993312328447,6
EWC,Canadian equities,2024-08,0.04033932915880101,0.015876088681725825,1
EFA,Developed international equities,2024-08,0.032603260490612795,0.015645742400694513,2
SPY,US equities,2024-08,0.023365739036094846,0.020807184692715558,3
GLD,Gold,2024-08,0.020922489239605158,0.021716950655699886,4
AGG,US aggregate bonds,2024-08,0.014614287374225876,0.006137095611772623,5
EEM,Emerging-market equities,2024-08,0.00977869911565099,0.011242327457685173,6
EEM,Emerging-market equities,2024-09,0.05741291064798282,0.018622257650143952,1
GLD,Gold,2024-09,0.050888518121058546,0.0299248154493013,2
EWC,Canadian equities,2024-09,0.02543837441618768,0.020950710354487128,3
SPY,US equities,2024-09,0.02100466437315629,0.026510457299288942,4
AGG,US aggregate bonds,2024-09,0.01332844512802045,0.00940578913835908,5
EFA,Developed international equities,2024-09,0.007833314007842818,0.019339194531116082,6
EFA,Developed international equities,2024-10,-0.05273216814596482,0.017363109862503518,1
GLD,Gold,2024-10,0.042993487558573795,0.02736392997284806,2
EEM,Emerging-market equities,2024-10,-0.03074576616607061,0.01880495210678997,3
AGG,US aggregate bonds,2024-10,-0.025187584391329287,0.008615701369271154,4
EWC,Canadian equities,2024-10,-0.02143547710519067,0.023448137553685244,5
SPY,US equities,2024-10,-0.008923536488138484,0.02757588443671637,6
EWC,Canadian equities,2024-11,0.0644843180666883,0.02031520198941028,1
SPY,US equities,2024-11,0.05963319169758452,0.024933322365838756,2
GLD,Gold,2024-11,-0.0312413678206257,0.0226510053601795,3
EEM,Emerging-market equities,2024-11,-0.026771704836158983,0.010079871145997557,4
AGG,US aggregate bonds,2024-11,0.011110002608832215,0.0057141197597274,5
EFA,Developed international equities,2024-11,-0.0031559268968928134,0.010251153126625298,6
EWC,Canadian equities,2024-12,-0.05578414009232446,0.010440984262586791,1
EFA,Developed international equities,2024-12,-0.02950160541774094,0.003333519197307224,2
SPY,US equities,2024-12,-0.024059965553011153,0.01912370931008353,3
EEM,Emerging-market equities,2024-12,-0.016966764340245688,0.005694869656512262,4
AGG,US aggregate bonds,2024-12,-0.016933994266917995,0.0012215847469447168,5
GLD,Gold,2024-12,-0.014088485102626058,0.02040853314688119,6
GLD,Gold,2025-01,0.06785608004262,0.027248888088470712,1
EFA,Developed international equities,2025-01,0.048009433298920046,0.007710331241686889,2
SPY,US equities,2025-01,0.02685634369756773,0.020034533491870853,3
EWC,Canadian equities,2025-01,0.02282882586506929,0.01309310531432877,4
EEM,Emerging-market equities,2025-01,0.021520884179641264,0.011260153260792105,5
AGG,US aggregate bonds,2025-01,0.005159883708157231,0.001777488639354415,6
EFA,Developed international equities,2025-02,0.02953059627588983,0.007682660167651141,1
AGG,US aggregate bonds,2025-02,0.022373872186311816,0.004870819803159186,2
GLD,Gold,2025-02,0.018216240085212165,0.028386612255078814,3
SPY,US equities,2025-02,-0.012694942141267207,0.014627719547724932,4
EEM,Emerging-market equities,2025-02,0.01146997193998689,0.00874284823585969,5
EWC,Canadian equities,2025-02,0.0002424391202517917,0.012150453481977306,6
GLD,Gold,2025-03,0.0944658602921884,0.029035164382342615,1
SPY,US equities,2025-03,-0.055719212615031544,0.0072592937262582575,2
EWC,Canadian equities,2025-03,-0.011641954537582766,0.0077580996130354836,3
EEM,Emerging-market equities,2025-03,0.011339998862614609,0.007416449565373702,4
EFA,Developed international equities,2025-03,0.0018386445389113604,0.005020336460925534,5
AGG,US aggregate bonds,2025-03,-0.0002629248538064122,0.004096814646037496,6
GLD,Gold,2025-04,0.054244371438656236,0.031064280868446436,1
EWC,Canadian equities,2025-04,0.04171791075185216,0.014195243951257893,2
EFA,Developed international equities,2025-04,0.03695100126258399,0.010802240758066434,3
SPY,US equities,2025-04,-0.0086700568950967,0.009896753017355181,4
AGG,US aggregate bonds,2025-04,0.004310548346502685,0.006521217080496124,5
EEM,Emerging-market equities,2025-04,0.001373045203894252,0.007713441644418266,6
SPY,US equities,2025-05,0.06284493470387709,0.010918864561249658,1
EWC,Canadian equities,2025-05,0.05912821725374662,0.016098034781517556,2
EFA,Developed international equities,2025-05,0.04790555262066021,0.010577549635048153,3
EEM,Emerging-market equities,2025-05,0.040219348365502894,0.009438633579720893,4
AGG,US aggregate bonds,2025-05,-0.006068987543915827,0.004624186646480437,5
GLD,Gold,2025-05,-0.0005595779904380427,0.02966854847366812,6
EEM,Emerging-market equities,2025-06,0.07002035264069839,0.013091983827359968,1
SPY,US equities,2025-06,0.05138622995393982,0.012261032490604498,2
EWC,Canadian equities,2025-06,0.034479735222100016,0.02076141200795838,3
EFA,Developed international equities,2025-06,0.02396215110482869,0.014096676275923184,4
AGG,US aggregate bonds,2025-06,0.01455371543726347,0.005099078221950455,5
GLD,Gold,2025-06,0.0040513207367987025,0.030118408107741423,6
SPY,US equities,2025-07,0.02303144544452107,0.01317123626784969,1
EFA,Developed international equities,2025-07,-0.020919663687164025,0.010193715787707261,2
EEM,Emerging-market equities,2025-07,0.006633501624368154,0.012940373103155415,3
GLD,Gold,2025-07,-0.006134553947279464,0.02513453188781198,4
AGG,US aggregate bonds,2025-07,-0.002639479518051435,0.0028631486846077323,5
EWC,Canadian equities,2025-07,-0.00043286431179323515,0.016613726150650477,6
EWC,Canadian equities,2025-08,0.05651794158768464,0.01796194385305745,1
GLD,Gold,2025-08,0.0498746251943214,0.02754720988403833,2
EFA,Developed international equities,2025-08,0.04524685955207164,0.011247349042828833,3
EEM,Emerging-market equities,2025-08,0.02677101740351695,0.014356399627144245,4
SPY,US equities,2025-08,0.02051948433236439,0.012934048375872151,5
AGG,US aggregate bonds,2025-08,0.011903301354969864,0.0026372331830030646,6
GLD,Gold,2025-09,0.11758415813157774,0.03310517988491493,1
EEM,Emerging-market equities,2025-09,0.07099878351471767,0.01548855569937215,2
EWC,Canadian equities,2025-09,0.036072968117948134,0.018848159994870817,3
SPY,US equities,2025-09,0.03562043467074827,0.014152029234004817,4
EFA,Developed international equities,2025-09,0.020660281872456387,0.012316263031546629,5
AGG,US aggregate bonds,2025-09,0.011267731460479657,0.002465507044041332,6
GLD,Gold,2025-10,0.03558667106763802,0.03248794517733695,1
EEM,Emerging-market equities,2025-10,0.0355804968487734,0.021015744283942484,2
SPY,US equities,2025-10,0.023837300152977692,0.01688209895409783,3
EFA,Developed international equities,2025-10,0.011995315131011042,0.017710219971294617,4
AGG,US aggregate bonds,2025-10,0.006154642803170685,0.005077359310249663,5
EWC,Canadian equities,2025-10,0.0037586920618692954,0.020947674092125817,6
GLD,Gold,2025-11,0.05367817632399996,0.03956457385605575,1
EWC,Canadian equities,2025-11,0.03862819271252915,0.01879299697927922,2
EEM,Emerging-market equities,2025-11,-0.017721602025212224,0.021769919518188047,3
EFA,Developed international equities,2025-11,0.007408224583494549,0.018590565927993564,4
AGG,US aggregate bonds,2025-11,0.006057137943333624,0.004656287254791447,5
SPY,US equities,2025-11,0.0019500955662179464,0.01207517427648395,6
EWC,Canadian equities,2025-12,0.03245521996912881,0.026146276984400325,1
EFA,Developed international equities,2025-12,0.02710468006915967,0.023307756385235284,2
GLD,Gold,2025-12,0.021733507505755645,0.04254973990675423,3
EEM,Emerging-market equities,2025-12,0.021593120338498473,0.024983243241416726,4
AGG,US aggregate bonds,2025-12,-0.002789726568535378,0.005834976229656665,5
SPY,US equities,2025-12,0.0007975039269647599,0.014146630066481944,6
